30/09/2013,03:00:00,15110.76,15168.766,15100.763,15147.678,1.156
01/10/2013,03:00:00,15131.662,15205.78,15114.674,15186.774,2.962
02/10/2013,03:00:00,15177.76,15177.76,15045.684,15127.675,2.69
03/10/2013,03:00:00,15120.764,15120.764,14946.681,14975.693,0.962
04/10/2013,03:00:00,14994.678,15083.917,14976.307,15076.427,3.548
06/10/2013,03:00:00,15076.427,15076.427,15076.427,15076.427,0
07/10/2013,03:00:00,15072.578,15072.578,14922.426,14938.358,3.894
08/10/2013,03:00:00,14936.238,14936.238,14773.568,14773.568,2.594
09/10/2013,03:00:00,14776.527,14852.298,14720.188,14805.067,2.588
10/10/2013,03:00:00,14802.978,15121.891,14802.972,15121.891,3.034
11/10/2013,03:00:00,15101.921,15235.972,15101.921,15235.972,3.254
13/10/2013,03:00:00,15235.972,15235.972,15235.972,15235.972,0
14/10/2013,03:00:00,15235.972,15235.972,15235.972,15235.972,0
15/10/2013,03:00:00,15235.972,15235.972,15235.972,15235.972,0
16/10/2013,03:00:00,15168.001,15168.002,15168.001,15168.002,0.004
17/10/2013,03:00:00,15373.822,15373.822,15229.011,15322.052,13.682
18/10/2013,03:00:00,15321.803,15385.962,15320.711,15357.832,10.224
20/10/2013,03:00:00,15357.832,15357.832,15357.832,15357.832,0
21/10/2013,03:00:00,15399.642,15410.173,15362.652,15392.193,16.54
22/10/2013,03:00:00,15392.193,15518.08,15382.896,15440.583,8.11594
23/10/2013,03:00:00,15440.514,15500.801,15366.154,15410.66,17.856
24/10/2013,03:00:00,15410.47,15428.111,15371.905,15413.302,12.048
25/10/2013,03:00:00,15509.193,15509.193,15509.185,15509.185,0.006
27/10/2013,03:00:00,15509.185,15509.185,15509.185,15509.185,0
28/10/2013,02:00:00,15529.545,15600.965,15528.771,15559.661,5.21483
29/10/2013,02:00:00,15559.716,15685.854,15545.757,15666.863,12.09097
30/10/2013,02:00:00,15666.973,15736.746,15545.656,15559.941,9.21582
31/10/2013,02:00:00,15558.674,15652.956,15543.815,15573.9,10.43806
01/11/2013,02:00:00,15573.88,15650.995,15543.871,15602.859,9.70274
03/11/2013,02:00:00,15602.859,15602.859,15602.859,15602.859,0
04/11/2013,02:00:00,15607.666,15669.965,15586.898,15634.977,10.73522
05/11/2013,02:00:00,15634.603,15651.867,15518.928,15603.827,11.67251
06/11/2013,02:00:00,15604.882,15751.913,15604.606,15717.649,0.4208
07/11/2013,02:00:00,15716.915,15827.84,15578.632,15602.828,3.17565
08/11/2013,02:00:00,15603.762,15766.962,15543.938,15745.828,8.27595
10/11/2013,02:00:00,15745.828,15745.828,15745.828,15745.828,0
11/11/2013,02:00:00,15745.635,15791.946,15722.634,15774.931,12.12344
12/11/2013,02:00:00,15775.602,15798.927,15705.914,15739.699,10.78124
13/11/2013,02:00:00,15738.938,15846.989,15650.957,15836.634,10.65681
14/11/2013,02:00:00,15836.733,15885.988,15797.898,15863.908,10.15956
15/11/2013,02:00:00,15863.737,15964.137,15859.755,15948.96,13.19206
17/11/2013,02:00:00,15948.96,15948.96,15948.96,15948.96,0
18/11/2013,02:00:00,15945.712,16028.713,15928.646,15967.961,2.24379
19/11/2013,02:00:00,15967.708,16025.919,15942.924,15983.904,9.48023
20/11/2013,02:00:00,15982.969,16016.653,15862.979,15907.701,11.04677
21/11/2013,02:00:00,15907.906,16014.203,15874.782,16009.725,8.24558
22/11/2013,02:00:00,16009.864,16065.928,15971.933,16053.814,11.36915
24/11/2013,02:00:00,16053.814,16053.814,16053.814,16053.814,0
25/11/2013,02:00:00,16101.793,16120.769,16054.995,16080.871,13.34357
26/11/2013,02:00:00,16080.777,16121.946,16065.75,16070.793,13.12425
27/11/2013,02:00:00,16070.637,16130.816,16056.911,16113.779,14.20593
28/11/2013,02:00:00,16113.621,16146.991,16104.621,16121.715,0.06823
29/11/2013,02:00:00,16121.703,16174.937,16075.975,16097.92,4.59545
01/12/2013,02:00:00,16097.92,16097.92,16097.92,16097.92,0
02/12/2013,02:00:00,16104.68,16125.867,15986.922,15999.829,13.73955
03/12/2013,02:00:00,15998.673,16007.994,15866.932,15899.921,9.82317
04/12/2013,02:00:00,15899.771,15959.969,15790.973,15895.914,0.43355
05/12/2013,02:00:00,15895.892,15901.902,15808.899,15823.739,8.74297
06/12/2013,02:00:00,15823.773,16062.945,15823.687,16023.72,10.82093
08/12/2013,02:00:00,16023.72,16023.72,16023.72,16023.72,0
09/12/2013,02:00:00,16037.757,16060.944,16005.66,16031.783,12.66672
10/12/2013,02:00:00,16031.954,16050.965,15965.716,16002.772,8.63293
11/12/2013,02:00:00,16003.959,16023.954,15825.6,15839.964,11.06017
12/12/2013,02:00:00,15839.87,15853.791,15703.921,15736.64,11.15252
13/12/2013,02:00:00,15735.673,15792.636,15716.895,15757.674,10.8699
15/12/2013,02:00:00,15757.674,15757.674,15757.674,15757.674,0
16/12/2013,02:00:00,15757.899,15933.922,15662.684,15878.662,12.19285
17/12/2013,02:00:00,15878.665,15924.984,15834.932,15875.836,11.10135
18/12/2013,02:00:00,15875.703,16182.666,15807.921,16166.857,8.95791
19/12/2013,02:00:00,16165.687,16194.976,16092.956,16169.803,10.40095
20/12/2013,02:00:00,16170.917,16286.343,16169.724,16251.978,11.45988
22/12/2013,02:00:00,16251.978,16251.978,16251.978,16251.978,0
23/12/2013,02:00:00,16276.828,16317.906,16266.963,16297.668,13.57524
24/12/2013,02:00:00,16295.605,16364.976,16281.823,16357.523,9.50871
25/12/2013,02:00:00,16357.535,16357.535,16357.525,16357.525,0.004
26/12/2013,02:00:00,16357.525,16486.641,16357.525,16470.81,11.40992
27/12/2013,02:00:00,16470.777,16528.981,16449.602,16476.97,8.84722
29/12/2013,02:00:00,16476.97,16476.97,16476.97,16476.97,0
30/12/2013,02:00:00,16479.7,16506.924,16472.703,16500.642,15.28814
31/12/2013,02:00:00,16500.288,16588.226,16492.59,16576.634,13.95474
01/01/2014,02:00:00,16576.634,16576.634,16576.634,16576.634,0
02/01/2014,02:00:00,16528.951,16549.973,16423.914,16455.942,8.05762
03/01/2014,02:00:00,16455.78,16516.907,16394.67,16453.821,10.70093
05/01/2014,02:00:00,16453.821,16453.821,16453.821,16453.821,0
06/01/2014,02:00:00,16482.608,16535.993,16400.902,16428.698,10.26877
07/01/2014,02:00:00,16428.835,16562.976,16426.599,16514.667,9.6591
08/01/2014,02:00:00,16514.888,16539.972,16416.806,16449.643,12.5849
09/01/2014,02:00:00,16450.706,16527.902,16376.914,16450.911,10.63612
10/01/2014,02:00:00,16450.623,16518.947,16379.93,16444.723,1.16555
12/01/2014,02:00:00,16444.723,16444.723,16444.723,16444.723,0
13/01/2014,02:00:00,16440.642,16453.984,16241.907,16277.674,8.22909
14/01/2014,02:00:00,16277.651,16373.892,16242.688,16362.77,12.17912
15/01/2014,02:00:00,16362.828,16504.303,16348.602,16469.706,10.53364
16/01/2014,02:00:00,16469.94,16482.897,16373.887,16384.75,13.53992
17/01/2014,02:00:00,16385.721,16494.954,16381.969,16452.905,10.30257
19/01/2014,02:00:00,16452.905,16452.905,16452.905,16452.905,0
20/01/2014,02:00:00,16462.799,16462.896,16424.733,16458.952,0.07341
21/01/2014,02:00:00,16458.609,16546.873,16314.914,16373.868,10.61881
22/01/2014,02:00:00,16373.82,16436.971,16330.915,16403.828,0.28429
23/01/2014,02:00:00,16402.989,16402.996,16137.901,16203.837,0.37421
24/01/2014,02:00:00,16202.792,16237.838,15853.633,15856.8,0.45233
26/01/2014,02:00:00,15856.8,15856.8,15856.8,15856.8,0
27/01/2014,02:00:00,15804.23,15942.751,15803.627,15837.857,104.536
28/01/2014,02:00:00,15837.856,15945.873,15837.856,15928.547,187.46
29/01/2014,02:00:00,15928.532,15928.532,15715.271,15738.766,217.48
30/01/2014,02:00:00,15738.773,15907.505,15734.981,15848.59,205.7
31/01/2014,02:00:00,15848.584,15848.584,15617.524,15698.831,215.62
02/02/2014,02:00:00,15698.831,15698.831,15698.831,15698.831,0
03/02/2014,02:00:00,15698.821,15708.524,15356.146,15372.778,204.1
04/02/2014,02:00:00,15372.783,15481.836,15356.597,15445.211,185.68
05/02/2014,02:00:00,15445.225,15478.189,15340.67,15440.208,216.02
06/02/2014,02:00:00,15440.208,15440.208,15440.208,15440.208,0
07/02/2014,02:00:00,15560.769,15802.34,15552.914,15799.718,25.36701
09/02/2014,02:00:00,15799.718,15799.718,15799.718,15799.718,0
10/02/2014,02:00:00,15792.215,15803.989,15730.913,15796.663,0.52176
11/02/2014,02:00:00,15797.149,16028.947,15792.116,15954.12,0.54482
12/02/2014,02:00:00,15954.423,16037.993,15927.935,15961.461,0.5234
13/02/2014,02:00:00,15960.973,16039.972,15849.164,16002.22,0.5634
14/02/2014,02:00:00,16003.417,16177.984,15938.25,16153.689,0.52014
16/02/2014,02:00:00,16153.689,16153.689,16153.689,16153.689,0
17/02/2014,02:00:00,16154.963,16216.788,16128.601,16177.875,0.12541
18/02/2014,02:00:00,16178.79,16203.928,16106.405,16109.342,0.45239
19/02/2014,02:00:00,16110.176,16225.963,16028.971,16049.486,0.55873
20/02/2014,02:00:00,16049.516,16159.483,15970.748,16123.92,0.58824
21/02/2014,02:00:00,16124.468,16191.427,16094.9,16109.821,0.54563
23/02/2014,02:00:00,16109.821,16109.821,16109.821,16109.821,0
24/02/2014,02:00:00,16114.293,16300.991,16061.735,16205.886,0.48341
25/02/2014,02:00:00,16205.921,16256.468,16142.923,16211.15,0.509
26/02/2014,02:00:00,16211.188,16259.975,16153.952,16199.247,66.87025
27/02/2014,02:00:00,16199.042,16298.445,16112.675,16274.207,96.70451
28/02/2014,02:00:00,16274.26,16400.988,16224.899,16338.652,85.38202
02/03/2014,02:00:00,16338.652,16338.652,16338.652,16338.652,0
03/03/2014,02:00:00,16200.911,16233.456,16069.906,16170.904,78.05386
04/03/2014,02:00:00,16170.18,16418.996,16166.216,16377.92,96.24848
05/03/2014,02:00:00,16377.867,16413.284,16342.949,16365.325,0.47976
06/03/2014,02:00:00,16365.297,16448.996,16357.103,16430.728,0.48144
07/03/2014,02:00:00,16430.741,16512.922,16407.44,16446.908,9.52544
09/03/2014,02:00:00,16446.908,16446.908,16446.908,16446.908,0
10/03/2014,02:00:00,16422.743,16465.614,16332.898,16405.676,10.38115
11/03/2014,02:00:00,16406.757,16460.734,16310.37,16322.154,44.85243
12/03/2014,02:00:00,16321.604,16365.985,16254.935,16354.642,44.25976
13/03/2014,02:00:00,16354.352,16406.634,16090.915,16122.218,15.25055
14/03/2014,02:00:00,16123.408,16165.926,16043.974,16057.216,36.23497
16/03/2014,02:00:00,16057.216,16057.216,16057.216,16057.216,0
17/03/2014,02:00:00,16029.116,16272.968,16024.405,16238.427,1.05274
18/03/2014,02:00:00,16238.489,16370.913,16195.621,16338.413,3.18438
19/03/2014,02:00:00,16338.336,16361.904,16118.944,16219.898,45.58892
20/03/2014,02:00:00,16219.835,16349.94,16145.111,16323.375,6.44887
21/03/2014,02:00:00,16323.216,16456.423,16287.833,16306.645,46.14136
23/03/2014,02:00:00,16306.645,16306.645,16306.645,16306.645,0
24/03/2014,02:00:00,16297.622,16379.146,16212.899,16294.286,7.19276
25/03/2014,02:00:00,16293.159,16406.959,16268.826,16396.901,24.1793
26/03/2014,02:00:00,16396.406,16467.995,16247.858,16278.475,28.68447
27/03/2014,02:00:00,16278.236,16304.805,16189.929,16266.948,0.6059
28/03/2014,02:00:00,16266.677,16418.951,16257.617,16313.993,33.84792
30/03/2014,02:00:00,16313.993,16313.993,16313.993,16313.993,0
31/03/2014,03:00:00,16374.37,16479.963,16356.116,16448.806,0.45223
01/04/2014,03:00:00,16447.733,16565.951,16435.617,16522.929,85.45845
02/04/2014,03:00:00,16522.46,16586.971,16506.955,16555.479,0.42711
03/04/2014,03:00:00,16555.364,16606.955,16527.939,16587.767,0.4823
04/04/2014,03:00:00,16587.789,16649.225,16388.901,16442.729,63.27408
06/04/2014,03:00:00,16442.729,16442.729,16442.729,16442.729,0
07/04/2014,03:00:00,16414.098,16429.916,16243.949,16270.478,59.22561
08/04/2014,03:00:00,16270.193,16295.98,16177.811,16256.761,26.92537
09/04/2014,03:00:00,16256.844,16450.453,16243.602,16447.492,71.93971
10/04/2014,03:00:00,16447.13,16456.098,16150.953,16186.757,8.28974
11/04/2014,03:00:00,16185.624,16218.688,16013.926,16047.142,6.50495
13/04/2014,03:00:00,16047.142,16047.142,16047.142,16047.142,0
14/04/2014,03:00:00,16011.847,16187.928,16007.393,16172.285,11.85784
15/04/2014,03:00:00,16171.699,16322.697,16063.428,16296.438,0.75679
16/04/2014,03:00:00,16296.449,16426.455,16293.223,16363.236,0.61122
17/04/2014,03:00:00,16363.721,16454.419,16348.938,16405.192,0.48465
18/04/2014,03:00:00,16405.192,16405.192,16405.192,16405.192,0
20/04/2014,03:00:00,16405.192,16405.192,16405.192,16405.192,0
21/04/2014,03:00:00,16444.445,16460.924,16404.928,16438.41,0.20751
22/04/2014,03:00:00,16438.966,16567.907,16409.388,16524.695,0.46194
23/04/2014,03:00:00,16524.836,16568.386,16477.253,16551.889,95.47305
24/04/2014,03:00:00,16551.644,16576.217,16450.461,16465.27,0.55267
25/04/2014,03:00:00,16464.266,16478.177,16330.929,16388.471,0.58773
27/04/2014,03:00:00,16388.471,16388.471,16388.471,16388.471,0
28/04/2014,03:00:00,16385.982,16501.967,16309.974,16473.393,0.64566
29/04/2014,03:00:00,16473.46,16560.926,16468.15,16523.444,0.54554
30/04/2014,03:00:00,16522.993,16593.941,16499.112,16586.621,0.50214
01/05/2014,03:00:00,16586.875,16605.417,16523.437,16556.929,0.28713
02/05/2014,03:00:00,16558.206,16616.992,16485.951,16503.181,0.50311
04/05/2014,03:00:00,16503.181,16503.181,16503.181,16503.181,0
05/05/2014,03:00:00,16511.989,16549.934,16373.903,16522.814,0.40117
06/05/2014,03:00:00,16522.351,16552.465,16371.338,16410.785,3.02786
07/05/2014,03:00:00,16410.681,16526.301,16359.919,16511.459,0.64181
08/05/2014,03:00:00,16510.653,16622.925,16491.192,16535.188,15.13486
09/05/2014,03:00:00,16535.808,16588.502,16499.903,16577.721,53.48322
11/05/2014,03:00:00,16577.721,16577.721,16577.721,16577.721,0
12/05/2014,03:00:00,16590.337,16711.419,16586.179,16708.789,4.82453
13/05/2014,03:00:00,16708.857,16734.949,16699.104,16708.137,0.54232
14/05/2014,03:00:00,16708.104,16728.818,16592.899,16609.073,18.23285
15/05/2014,03:00:00,16609.425,16645.652,16394.908,16449.41,71.47854
16/05/2014,03:00:00,16449.438,16500.993,16404.455,16490.419,0.55981
18/05/2014,03:00:00,16505.727,16515.913,16499.64,16499.919,0.00466
19/05/2014,03:00:00,16499.924,16526.953,16416.138,16501.945,19.65028
20/05/2014,03:00:00,16501.808,16532.336,16341.408,16356.25,53.94682
21/05/2014,03:00:00,16355.774,16544.442,16351.792,16519.118,13.49397
22/05/2014,03:00:00,16519.288,16576.868,16485.417,16549.216,0.43551
23/05/2014,03:00:00,16549.301,16613.958,16540.169,16608.388,0.35831
25/05/2014,03:00:00,16617.366,16633.418,16616.264,16618.809,0.006
26/05/2014,03:00:00,16619.467,16669.911,16608.103,16645.685,0.06381
27/05/2014,03:00:00,16647.26,16685.985,16638.101,16671.638,0.43633
28/05/2014,03:00:00,16671.256,16706.636,16618.927,16637.303,0.49354
29/05/2014,03:00:00,16637.105,16694.972,16620.4,16681.424,41.5821
30/05/2014,03:00:00,16680.822,16719.975,16645.957,16704.299,0.45312
01/06/2014,03:00:00,16720.386,16727.112,16711.167,16716.346,0.00461
02/06/2014,03:00:00,16716.498,16756.996,16681.996,16726.498,0.44329
03/06/2014,03:00:00,16725.496,16735.998,16686.496,16718.998,13.36647
04/06/2014,03:00:00,16718.954,16741.988,16672.929,16727.92,0.39385
05/06/2014,03:00:00,16727.788,16845.981,16703.949,16831.823,0.50623
06/06/2014,03:00:00,16830.853,16941.431,16827.155,16939.423,85.27441
08/06/2014,03:00:00,16941.884,16942.368,16932.266,16933.63,0.00416
09/06/2014,03:00:00,16933.457,16968.997,16915.147,16933.238,0.35675
10/06/2014,03:00:00,16933.716,16957.385,16896.904,16936.983,0.40055
11/06/2014,03:00:00,16936.63,16945.485,16821.958,16854.466,0.43135
12/06/2014,03:00:00,16854.24,16878.495,16701.952,16725.16,0.48416
13/06/2014,03:00:00,16726.338,16788.934,16707.294,16766.804,0.35137
15/06/2014,03:00:00,16765.267,16766.276,16714.412,16726.363,0.00394
16/06/2014,03:00:00,16726.43,16803.963,16694.815,16775.616,0.38402
17/06/2014,03:00:00,16775.851,16828.838,16723.235,16796.209,0.4669
18/06/2014,03:00:00,16795.749,16908.952,16731.987,16885.124,0.46347
19/06/2014,03:00:00,16885.677,16920.427,16855.951,16898.224,0.42536
20/06/2014,03:00:00,16898.126,16977.957,16892.105,16942.132,0.44492
22/06/2014,03:00:00,16933.429,16944.416,16932.85,16942.17,0.00344
23/06/2014,03:00:00,16942.744,16992.146,16892.468,16913.226,0.48659
24/06/2014,03:00:00,16913.22,16968.971,16801.918,16824.709,0.52488
25/06/2014,03:00:00,16825.441,16886.972,16782.136,16858.153,0.60081
26/06/2014,03:00:00,16858.127,16881.108,16742.903,16846.845,0.58068
27/06/2014,03:00:00,16846.698,16863.452,16773.813,16835.835,83.48331
29/06/2014,03:00:00,16832.274,16851.705,16831.866,16846.721,0.00369
30/06/2014,03:00:00,16847.661,16869.994,16798.944,16837.176,0.49538
01/07/2014,03:00:00,16836.734,16998.994,16832.326,16959.755,0.52455
02/07/2014,03:00:00,16959.973,16984.983,16951.933,16967.862,0.45619
03/07/2014,03:00:00,16968.277,17074.623,16963.114,17055.471,5.94951
04/07/2014,03:00:00,17053.21,17055.926,17042.119,17051.427,0.06075
06/07/2014,03:00:00,17048.909,17057.922,17048.909,17054.289,0.00242
07/07/2014,03:00:00,17053.906,17056.483,16989.919,17012.679,0.5045
08/07/2014,03:00:00,17012.703,17023.477,16871.922,16924.896,23.59481
09/07/2014,03:00:00,16925.301,16999.921,16912.334,16980.278,5.04795
10/07/2014,03:00:00,16980.295,16984.496,16794.956,16910.155,0.63681
11/07/2014,03:00:00,16910.91,16964.24,16859.906,16954.785,10.54889
13/07/2014,03:00:00,16950.781,16973.92,16950.781,16964.156,0.00485
14/07/2014,03:00:00,16963.962,17089.914,16962.276,17053.636,2.52279
15/07/2014,03:00:00,17053.188,17116.982,17005.896,17069.978,19.33735
16/07/2014,03:00:00,17069.686,17137.927,17059.125,17111.312,0.50581
17/07/2014,03:00:00,17111.452,17150.952,16902.2,16954.463,1.22395
18/07/2014,03:00:00,16953.663,17113.474,16950.196,17093.298,0.60589
20/07/2014,03:00:00,17089.371,17091.254,17081.431,17091.208,0.00466
21/07/2014,03:00:00,17091.446,17091.496,16971.907,17044.712,0.52518
22/07/2014,03:00:00,17046.388,17133.987,17041.652,17090.842,0.73197
23/07/2014,03:00:00,17090.784,17129.474,17055.951,17090.348,14.27298
24/07/2014,03:00:00,17090.223,17128.494,17027.177,17052.471,0.76858
25/07/2014,03:00:00,17051.802,17067.447,16911.481,16953.793,31.31215
27/07/2014,03:00:00,16956.836,16962.301,16917.113,16928.435,0.00556
28/07/2014,03:00:00,16928.274,17003.984,16874.896,16984.31,0.53602
29/07/2014,03:00:00,16984.34,17058.932,16903.206,16922.142,0.51579
30/07/2014,03:00:00,16922.147,16988.457,16814.427,16872.189,9.83453
31/07/2014,03:00:00,16871.943,16878.312,16563.612,16563.612,122.91392
01/08/2014,03:00:00,16519.682,16584.496,16434.425,16478.723,0.46661
03/08/2014,03:00:00,16490.412,16513.328,16489.892,16500.805,0.00656
04/08/2014,03:00:00,16501.734,16590.986,16442.467,16547.352,0.52496
05/08/2014,03:00:00,16548.228,16560.553,16363.942,16424.4,0.60313
06/08/2014,03:00:00,16424.436,16492.943,16323.217,16452.116,0.57349
07/08/2014,03:00:00,16452.437,16508.307,16332.419,16377.824,0.64294
08/08/2014,03:00:00,16380.616,16553.471,16261.183,16532.353,0.61995
10/08/2014,03:00:00,16546.095,16574.323,16546.095,16561.334,0.00775
11/08/2014,03:00:00,16561.233,16627.966,16535.445,16575.306,0.40085
12/08/2014,03:00:00,16575.1,16606.356,16514.993,16569.37,0.47379
13/08/2014,03:00:00,16569.288,16672.346,16559.371,16653.232,0.41953
14/08/2014,03:00:00,16652.97,16726.766,16637.221,16705.315,0.40924
15/08/2014,03:00:00,16705.672,16774.901,16569.963,16666.485,0.51588
17/08/2014,03:00:00,16727.661,16735.694,16711.745,16716.398,0.0068
18/08/2014,03:00:00,16716.836,16849.34,16699.202,16843.988,0.33148
19/08/2014,03:00:00,16844.123,16928.975,16843.162,16901.871,0.28468
20/08/2014,03:00:00,16902.611,16995.497,16878.63,16987.284,0.33363
21/08/2014,03:00:00,16986.272,17075.945,16963.256,17040.922,0.31631
22/08/2014,03:00:00,17041.365,17063.502,16980.472,17020.372,1.06082
24/08/2014,03:00:00,17020.372,17020.372,17020.372,17020.372,0
25/08/2014,03:00:00,17025.769,17120.775,17020.65,17076.146,0.75459
26/08/2014,03:00:00,17077.436,17151.994,17055.536,17115.401,0.80419
27/08/2014,03:00:00,17114.966,17133.992,17087.187,17102.417,0.59757
28/08/2014,03:00:00,17103.56,17112.963,17016.15,17100.41,4.32826
29/08/2014,03:00:00,17100.832,17142.974,17030.786,17077.705,18.8056
31/08/2014,03:00:00,17082.497,17101.918,17082.497,17091.389,0.1828
01/09/2014,03:00:00,17090.884,17109.796,17061.619,17090.878,3.68812
02/09/2014,03:00:00,17091.443,17144,17008.96,17067.36,9.03145
03/09/2014,03:00:00,17060.302,17169.957,17055.489,17071.928,13.64856
04/09/2014,03:00:00,17071.826,17163.016,17027.935,17102.078,18.31519
05/09/2014,03:00:00,17092.16,17136.526,17005.954,17135.427,20.00387
07/09/2014,03:00:00,17117.227,17128.018,17113.987,17126.952,0.38702
08/09/2014,03:00:00,17127.004,17137.719,17077.863,17105.826,23.82489
09/09/2014,03:00:00,17105.848,17129.963,16992.91,17014.963,21.88308
10/09/2014,03:00:00,17016.093,17079.93,16970.904,17053.302,11.34075
11/09/2014,03:00:00,17051.655,17065.24,16971.195,17044.789,12.024
12/09/2014,03:00:00,17043.645,17054.272,16936.424,16984.979,9.39375
14/09/2014,03:00:00,16950.726,16951.748,16926.143,16931.738,0.429
15/09/2014,03:00:00,16932.978,17051.98,16930.197,17034.92,10.92825
16/09/2014,03:00:00,17034.499,17165.928,16973.356,17138.108,10.01025
17/09/2014,03:00:00,17138.671,17218.892,17090.487,17159.85,17.88477
18/09/2014,03:00:00,17159.878,17312.423,17153.566,17296.073,14.51934
19/09/2014,03:00:00,17297.075,17361.106,17255.861,17276.089,40.97169
21/09/2014,03:00:00,17283.227,17291.91,17270.355,17290.36,0.75075
22/09/2014,03:00:00,17289.918,17291.943,17150.397,17171.801,29.52208
23/09/2014,03:00:00,17171.891,17193.986,17009.18,17047.736,29.7534
24/09/2014,03:00:00,17048.844,17231.864,17035.747,17219.657,18.25063
25/09/2014,03:00:00,17219.63,17231.727,16943.928,17008.921,16.62225
26/09/2014,03:00:00,17009.845,17151.686,16962.34,17115.187,30.40851
28/09/2014,03:00:00,17111.246,17111.246,17083.885,17083.899,0.56147
29/09/2014,03:00:00,17084.863,17117.86,16929.939,17061.807,52.48466
30/09/2014,03:00:00,17061.49,17145.922,17007.631,17019.752,60.29543
01/10/2014,03:00:00,17018.766,17065.972,16771.913,16819.78,32.16353
02/10/2014,03:00:00,16818.962,16855.221,16667.742,16815.99,73.48519
03/10/2014,03:00:00,16815.932,17028.651,16812.726,17004.168,26.38779
05/10/2014,03:00:00,17005.691,17033.895,17005.691,17024.821,0.02554
06/10/2014,03:00:00,17024.697,17101.197,16927.985,16967.369,4.98262
07/10/2014,03:00:00,16967.956,16984.476,16695.923,16726.025,1.51264
08/10/2014,03:00:00,16727.99,17004.897,16658.71,16966.972,22.93051
09/10/2014,03:00:00,16963.575,17026.966,16606.836,16629.69,28.20652
10/10/2014,03:00:00,16631.976,16757.966,16504.12,16508.785,23.70184
12/10/2014,03:00:00,16472.868,16484.906,16415.754,16455.62,1.21615
13/10/2014,03:00:00,16455.816,16603.881,16295.772,16356.934,18.49547
14/10/2014,03:00:00,16355.859,16463.483,16275.432,16392.929,9.71407
15/10/2014,03:00:00,16392.33,16400.886,15848.903,16089.652,12.78063
16/10/2014,03:00:00,16090.825,16212.983,15861.65,16139.141,18.54106
17/10/2014,03:00:00,16139.619,16423.991,16094.398,16395.354,7.05043
19/10/2014,03:00:00,16416.81,16495.492,16416.81,16467.326,0.11817
20/10/2014,03:00:00,16467.864,16477.496,16242.663,16390.829,3.63096
21/10/2014,03:00:00,16391.354,16635.995,16286.832,16607.892,2.69617
22/10/2014,03:00:00,16605.921,16672.991,16458.433,16511.897,15.09501
23/10/2014,03:00:00,16510.76,16767.97,16479.383,16696.668,15.42953
24/10/2014,03:00:00,16696.922,16814.465,16588.745,16814.371,11.0127
26/10/2014,03:00:00,16813.777,16845.918,16812.122,16839.932,0.26023
27/10/2014,02:00:00,16839.957,16870.967,16726.643,16835.65,2.24451
28/10/2014,02:00:00,16835.222,17012.369,16827.043,16986.87,0.76341
29/10/2014,02:00:00,16986.215,17065.985,16893.856,16977.946,1.0904
30/10/2014,02:00:00,16977.714,17224.948,16902.861,17193.083,1.85759
31/10/2014,02:00:00,17193.682,17426.876,17176.563,17364.297,4.28917
02/11/2014,02:00:00,17364.107,17386.843,17363.698,17376.612,0.19065
03/11/2014,02:00:00,17377.79,17412.437,17336.794,17338.7,9.58513
04/11/2014,02:00:00,17338.418,17398.952,17278.61,17354.886,15.21865
05/11/2014,02:00:00,17356.367,17488.992,17352.452,17461.813,4.00914
06/11/2014,02:00:00,17463.218,17566.914,17422.495,17555.85,7.46332
07/11/2014,02:00:00,17554.432,17601.282,17489.508,17560.118,12.64738
09/11/2014,02:00:00,17544.482,17565.878,17542.827,17562.475,0.17328
10/11/2014,02:00:00,17563.952,17623.977,17525.245,17592.549,9.7251
11/11/2014,02:00:00,17592.501,17658.586,17586.614,17599.686,9.01923
12/11/2014,02:00:00,17611.862,17626.87,17526.701,17602.767,7.49307
13/11/2014,02:00:00,17602.748,17704.955,17586.63,17648.817,10.98623
14/11/2014,02:00:00,17649.682,17675.87,17612.829,17644.389,10.83277
16/11/2014,02:00:00,17636.418,17641.406,17614.427,17619.788,0.3118
17/11/2014,02:00:00,17619.425,17677.991,17544.939,17645.753,14.32999
18/11/2014,02:00:00,17645.839,17734.864,17634.641,17678.929,10.3924
19/11/2014,02:00:00,17679.625,17712.858,17621.941,17686.713,8.88731
20/11/2014,02:00:00,17686.65,17730.965,17589.605,17711.342,9.86461
21/11/2014,02:00:00,17712.877,17894.942,17701.095,17802.96,16.22659
23/11/2014,02:00:00,17802.903,17826.846,17802.903,17811.797,0.17906
24/11/2014,02:00:00,17811.92,17856.972,17790.257,17821.915,8.69347
25/11/2014,02:00:00,17820.935,17859.922,17788.454,17837.762,12.89916
26/11/2014,02:00:00,17838.705,17872.78,17790.631,17830.809,1.90243
27/11/2014,02:00:00,17830.754,17858.946,17803.186,17828.955,0.3691
28/11/2014,02:00:00,17829.988,17892.624,17774.777,17821.965,6.81847
30/11/2014,02:00:00,17794.934,17801.895,17734.886,17764.739,0.71717
01/12/2014,02:00:00,17765.804,17823.933,17716.612,17770.449,16.26962
02/12/2014,02:00:00,17769.946,17898.657,17766.833,17875.903,13.13616
03/12/2014,02:00:00,17875.165,17924.945,17844.149,17904.652,8.93177
04/12/2014,02:00:00,17905.744,17938.96,17809.237,17899.373,7.24452
05/12/2014,02:00:00,17898.851,17990.984,17891.692,17964.294,2.91243
07/12/2014,02:00:00,17956.1,17969.993,17953.641,17959.978,0.12674
08/12/2014,02:00:00,17959.971,17971.985,17801.807,17873.843,8.65057
09/12/2014,02:00:00,17873.982,17880.986,17631.685,17791.381,14.01067
10/12/2014,02:00:00,17791.305,17814.971,17507.742,17533.857,12.96142
11/12/2014,02:00:00,17533.957,17758.987,17509.826,17550.704,7.71852
12/12/2014,02:00:00,17552.705,17566.795,17245.799,17258.158,18.95605
14/12/2014,02:00:00,17254.122,17272.838,17223.761,17244.818,0.42137
15/12/2014,02:00:00,17245.92,17402.835,17111.739,17220.937,10.09387
16/12/2014,02:00:00,17221.201,17423.793,17033.764,17097.664,16.78909
17/12/2014,02:00:00,17099.849,17380.919,17074.948,17342.906,11.83147
18/12/2014,02:00:00,17343.159,17803.474,17326.641,17780.944,10.50621
19/12/2014,02:00:00,17779.888,17904.801,17747.657,17786.893,7.64602
21/12/2014,02:00:00,17792.849,17824.984,17789.227,17807.89,0.17402
22/12/2014,02:00:00,17807.9,17970.853,17789.036,17940.599,10.4593
23/12/2014,02:00:00,17939.784,18056.994,17932.893,18026.284,9.47509
24/12/2014,02:00:00,18025.856,18080.946,18019.803,18029.498,0.55449
25/12/2014,02:00:00,18029.498,18029.498,18029.498,18029.498,0
26/12/2014,02:00:00,18070.882,18098.926,18043.954,18071.611,0.92934
28/12/2014,02:00:00,18071.613,18075.483,18057.38,18066.399,0.0083
29/12/2014,02:00:00,18066.296,18086.5,17988.433,18046.875,6.08665
30/12/2014,02:00:00,18047.744,18060.979,17944.744,18011.988,4.17186
31/12/2014,02:00:00,18012.5,18047.478,17925.812,17947.877,0.55718
01/01/2015,02:00:00,17947.877,17947.877,17947.877,17947.877,0
02/01/2015,02:00:00,17887.292,17949.493,17718.829,17801.324,6.97846
04/01/2015,02:00:00,17801.455,17801.455,17738.074,17749.626,0.3723
05/01/2015,02:00:00,17749.718,17813.995,17459.798,17561.267,13.19408
06/01/2015,02:00:00,17558.379,17574.405,17248.81,17380.802,12.13678
07/01/2015,02:00:00,17381.931,17609.954,17380.973,17598.738,9.51754
08/01/2015,02:00:00,17598.911,17916.957,17592.154,17885.828,6.95536
09/01/2015,02:00:00,17886.853,17933.927,17683.862,17716.319,12.19251
11/01/2015,02:00:00,17716.28,17746.211,17695.868,17703.97,0.01674
12/01/2015,02:00:00,17703.731,17822.423,17562.965,17663.322,1.43019
13/01/2015,02:00:00,17663.457,17926.824,17487.65,17613.365,2.08106
14/01/2015,02:00:00,17613.138,17638.675,17253.714,17461.198,19.15062
15/01/2015,02:00:00,17461.366,17604.335,17265.924,17274.255,14.01937
16/01/2015,02:00:00,17274.363,17528.998,17197.726,17502.334,4.77076
18/01/2015,02:00:00,17507.21,17508.494,17463.729,17482.804,0.01949
19/01/2015,02:00:00,17481.665,17594.974,17416.562,17474.239,0.46432
20/01/2015,02:00:00,17473.96,17601.48,17342.926,17498.265,1.46035
21/01/2015,02:00:00,17497.728,17601.401,17392.411,17559.83,0.95094
22/01/2015,02:00:00,17560.832,17841.999,17477.557,17800.683,2.58437
23/01/2015,02:00:00,17800.576,17859.432,17642.436,17648.465,2.68587
25/01/2015,02:00:00,17575.459,17581.209,17498.771,17506.877,0.02879
26/01/2015,02:00:00,17507.878,17697.951,17504.774,17678.148,5.13898
27/01/2015,02:00:00,17678.455,17687.949,17280.739,17444.913,5.29955
28/01/2015,02:00:00,17445.623,17553.952,17160.28,17224.156,4.06449
29/01/2015,02:00:00,17224.922,17504.483,17133.61,17471.746,5.13107
30/01/2015,02:00:00,17473.258,17475.284,17154.052,17175.39,2.3186
01/02/2015,02:00:00,17175.341,17207.195,17136.152,17157.976,0.01938
02/02/2015,02:00:00,17158.297,17384.889,17033.439,17351.148,3.37698
03/02/2015,02:00:00,17351.911,17669.824,17286.444,17640.322,2.47306
04/02/2015,02:00:00,17639.834,17782.995,17571.736,17574.658,0.94761
05/02/2015,02:00:00,17573.38,17889.992,17561.709,17843.403,5.22195
06/02/2015,02:00:00,17842.772,17951.812,17762.992,17852.24,1.90915
08/02/2015,02:00:00,17792.474,17807.761,17762.839,17778.867,0.03954
09/02/2015,02:00:00,17777.808,17806.926,17683.62,17757.774,3.3728
10/02/2015,02:00:00,17757.988,17888.984,17714.442,17836.179,3.7231
11/02/2015,02:00:00,17833.283,17982.383,17754.786,17869.268,4.68611
12/02/2015,02:00:00,17869.462,17973.983,17805.64,17946.883,6.45783
13/02/2015,02:00:00,17945.674,18035.995,17941.601,18009.889,2.70874
15/02/2015,02:00:00,17998.763,18013.663,17984.64,17984.64,0.00076
16/02/2015,02:00:00,17985.722,18027.7,17919.435,17947.871,1.92642
17/02/2015,02:00:00,17946.75,18049.965,17919.731,18036.95,5.52754
18/02/2015,02:00:00,18035.952,18052.98,17979.602,18009.618,2.58183
19/02/2015,02:00:00,18008.807,18061.941,17919.439,17982.703,3.47534
20/02/2015,02:00:00,17983.858,18146.969,17875.232,18129.89,2.0772
22/02/2015,02:00:00,18125.857,18129.991,18119.681,18128.646,0.00405
23/02/2015,02:00:00,18129.957,18129.998,18056.692,18098.809,4.62038
24/02/2015,02:00:00,18097.881,18229.32,18097.614,18207.89,5.27266
25/02/2015,02:00:00,18206.839,18241.344,18181.992,18196.792,7.23678
26/02/2015,02:00:00,18197.793,18238.541,18154.774,18195.726,7.73646
27/02/2015,02:00:00,18194.679,18212.517,18126.951,18157.634,7.1769
01/03/2015,02:00:00,18151.65,18180.994,18151.65,18171.616,0.03708
02/03/2015,02:00:00,18172.699,18282.087,18134.159,18258.865,7.92194
03/03/2015,02:00:00,18257.691,18258.917,18130.778,18200.819,6.69033
04/03/2015,02:00:00,18180.217,18187.603,18024.921,18087.908,13.86765
05/03/2015,02:00:00,18089.993,18158.975,18081.93,18127.97,19.28337
06/03/2015,02:00:00,18128.991,18160.993,17822.68,17871.708,27.61441
08/03/2015,02:00:00,17882.917,17882.917,17854.965,17860.983,0.15606
09/03/2015,02:00:00,17859.995,18031.547,17829.767,17968.93,7.5244
10/03/2015,02:00:00,17969.991,17976.937,17659.061,17706.955,14.86853
11/03/2015,02:00:00,17707.973,17738.811,17623.745,17649.957,17.13608
12/03/2015,02:00:00,17650.98,17898.999,17637.944,17885.944,13.28568
13/03/2015,02:00:00,17886.992,17902.996,17621.696,17742.175,7.6532
15/03/2015,02:00:00,17742.175,17742.175,17742.175,17742.175,0
16/03/2015,02:00:00,17746.935,17988.184,17739.935,17923.91,5.17403
17/03/2015,02:00:00,17922.968,17952.917,17780.769,17861.987,9.83051
18/03/2015,02:00:00,17859.945,18103.469,17691.911,18092.969,9.507
19/03/2015,02:00:00,18094.993,18126.985,17931.43,17983.948,11.64182
20/03/2015,02:00:00,17982.914,18199.179,17975.987,18113.506,10.10162
22/03/2015,02:00:00,18116.615,18185.687,18116.265,18149.831,0.16965
23/03/2015,02:00:00,18150.965,18207.92,18062.08,18112.926,18.05086
24/03/2015,02:00:00,18113.74,18159.99,18006.093,18029.961,9.56735
25/03/2015,02:00:00,18030.455,18046.999,17707.789,17746.809,21.10482
26/03/2015,02:00:00,17747.942,17758.053,17546.483,17699.969,38.49276
27/03/2015,02:00:00,17698.938,17762.971,17620.843,17712.553,30.18125
29/03/2015,02:00:00,17711.473,17734.706,17687.711,17697.86,0.17472
30/03/2015,03:00:00,17698.962,18008.723,17669.765,17954.856,17.10472
31/03/2015,03:00:00,17954.858,17959.983,17747.803,17777.82,14.38623
01/04/2015,03:00:00,17775.625,17808.999,17558.839,17692.608,17.64963
02/04/2015,03:00:00,17691.807,17817.205,17637.881,17764.928,6.88633
03/04/2015,03:00:00,17764.928,17764.928,17764.928,17764.928,0
05/04/2015,03:00:00,17602.986,17629.748,17598.885,17627.646,0.18391
06/04/2015,03:00:00,17626.75,17938.617,17609.711,17876.708,5.05109
07/04/2015,03:00:00,17875.628,17984.906,17849.562,17868.73,24.05662
08/04/2015,03:00:00,17869.871,17977.987,17817.141,17915.817,22.61235
09/04/2015,03:00:00,17914.798,17983.981,17822.491,17959.862,8.74147
10/04/2015,03:00:00,17959.66,18067.484,17940.772,18057.99,10.35093
12/04/2015,03:00:00,18063.813,18071.951,18055.052,18057.736,0.03425
13/04/2015,03:00:00,18056.93,18108.986,17971.148,17995.801,9.76405
14/04/2015,03:00:00,17995.9,18075.953,17899.899,18036.819,13.51695
15/04/2015,03:00:00,18035.922,18160.978,18015.106,18109.761,9.29426
16/04/2015,03:00:00,18107.85,18168.274,18023.826,18111.635,7.63064
17/04/2015,03:00:00,18111.871,18112.984,17745.366,17845.984,15.50946
19/04/2015,03:00:00,17845.984,17845.984,17845.984,17845.984,0
20/04/2015,03:00:00,17893.843,18094.995,17888.313,18030.951,12.77389
21/04/2015,03:00:00,18074.933,18150.506,17926.869,17953.904,12.02685
22/04/2015,03:00:00,17973.624,18054.975,17853.109,18035.803,10.65916
23/04/2015,03:00:00,18014.484,18135.954,17898.155,18069.976,7.39741
24/04/2015,03:00:00,18021.846,18110.837,18002.759,18081.995,23.77245
26/04/2015,03:00:00,18081.995,18081.995,18081.995,18081.995,0
27/04/2015,03:00:00,18097.881,18183.943,18020.618,18044.915,13.48962
28/04/2015,03:00:00,18050.898,18123.973,17912.83,18110.843,9.61866
29/04/2015,03:00:00,18106.163,18140.985,17949.801,18033.842,17.42729
30/04/2015,03:00:00,18019.298,18029.975,17765.389,17838.805,18.70005
01/05/2015,03:00:00,17870.807,18025.991,17870.807,18011.847,7.9472
03/05/2015,03:00:00,18011.847,18011.847,18011.847,18011.847,0
04/05/2015,03:00:00,18001.744,18131.996,17984.732,18066.953,12.23898
05/05/2015,03:00:00,18052.269,18096.999,17900.371,17926.847,10.30785
06/05/2015,03:00:00,17957.56,17998.125,17729.729,17836.82,8.8667
07/05/2015,03:00:00,17841.621,17974.373,17683.611,17926.915,16.1603
08/05/2015,03:00:00,17957.756,18208.991,17953.698,18183.857,10.64098
10/05/2015,03:00:00,18183.857,18183.857,18183.857,18183.857,0
11/05/2015,03:00:00,18167.654,18201.321,18087.981,18101.96,7.40445
12/05/2015,03:00:00,18102.935,18119.082,17920.26,18059.703,10.64502
13/05/2015,03:00:00,18117.061,18160.995,18038.728,18063.783,11.12087
14/05/2015,03:00:00,18062.654,18255.98,18030,18240.914,8.95802
15/05/2015,03:00:00,18232.897,18284.813,18209.805,18265.911,8.76792
17/05/2015,03:00:00,18265.911,18265.911,18265.911,18265.911,0
18/05/2015,03:00:00,18251.863,18324.492,18217.9,18289.997,8.18059
19/05/2015,03:00:00,18309.622,18364.123,18258.813,18309.706,8.03214
20/05/2015,03:00:00,18311.954,18350.588,18270.901,18287.806,7.64469
21/05/2015,03:00:00,18253.705,18313.694,18238.21,18289.963,6.06644
22/05/2015,03:00:00,18299.926,18304.615,18212.142,18234.58,5.85231
24/05/2015,03:00:00,18234.58,18234.58,18234.58,18234.58,0
25/05/2015,03:00:00,18252.504,18274.796,18203.354,18234.667,0.81843
26/05/2015,03:00:00,18224.467,18252.419,17989.346,18048.613,8.19971
27/05/2015,03:00:00,18058.989,18189.297,18054.673,18164.513,6.35764
28/05/2015,03:00:00,18129.319,18139.031,18063.763,18122.978,6.71493
29/05/2015,03:00:00,18131.944,18143.993,17962.67,18010.922,29.60111
31/05/2015,03:00:00,18010.922,18010.922,18010.922,18010.922,0
01/06/2015,03:00:00,18072.781,18115.988,17978.812,18037.802,22.31192
02/06/2015,03:00:00,18035.718,18090.996,17911.759,18010.88,25.20845
03/06/2015,03:00:00,18020.898,18168.986,18003.732,18081.962,25.66298
04/06/2015,03:00:00,18065.763,18087.964,17870.701,17916.902,42.30077
05/06/2015,03:00:00,17920,17959.993,17816.679,17843.855,37.32944
07/06/2015,03:00:00,17843.855,17843.855,17843.855,17843.855,0
08/06/2015,03:00:00,17855.894,17866.97,17758.831,17771.476,22.82494
09/06/2015,03:00:00,17781.832,17815.996,17702.727,17758.843,25.24585
10/06/2015,03:00:00,17801.878,18045.958,17774.65,17993.774,21.84535
11/06/2015,03:00:00,18001.945,18109.995,17991.546,18047.043,27.32274
12/06/2015,03:00:00,18019.805,18041.935,17852.919,17898.46,24.15562
14/06/2015,03:00:00,17898.46,17898.46,17898.46,17898.46,0
15/06/2015,03:00:00,17843.949,17865.821,17692.451,17791.796,26.63742
16/06/2015,03:00:00,17771.973,17918.999,17687.522,17900.74,19.94762
17/06/2015,03:00:00,17930.947,17997.989,17838.774,17933.847,17.51222
18/06/2015,03:00:00,17862.922,18176.993,17862.807,18118.841,21.57919
19/06/2015,03:00:00,18119.999,18153.995,18000.714,18002.932,24.14127
21/06/2015,03:00:00,18002.932,18002.932,18002.932,18002.932,0
22/06/2015,03:00:00,18066.944,18180,18061.833,18116.937,18.89042
23/06/2015,03:00:00,18155.977,18186.968,18102.6,18134.772,24.09816
24/06/2015,03:00:00,18131.858,18147.982,17961.668,17964.946,33.29215
25/06/2015,03:00:00,17993.98,18074.995,17875.843,17881.943,16.58598
26/06/2015,03:00:00,17903.734,18008.985,17873.672,17943.96,36.0739
28/06/2015,03:00:00,17943.96,17943.96,17943.96,17943.96,0
29/06/2015,03:00:00,17721.442,17845.766,17581.8,17590.972,25.73126
30/06/2015,03:00:00,17658.93,17738.986,17569.996,17591.936,32.6013
01/07/2015,03:00:00,17682.87,17804.746,17670.572,17752.871,33.3933
02/07/2015,03:00:00,17751.751,17826.997,17683.866,17720.887,20.41509
03/07/2015,03:00:00,17747.857,17753.977,17682.791,17700.859,8.62882
05/07/2015,03:00:00,17700.859,17700.859,17700.859,17700.859,0
06/07/2015,03:00:00,17549.979,17731.965,17548.387,17685.854,33.51324
07/07/2015,03:00:00,17785.908,17815.981,17462.737,17780.996,29.33164
08/07/2015,03:00:00,17643.817,17682.962,17492.688,17527.876,33.28883
09/07/2015,03:00:00,17639.829,17766.877,17537.858,17537.858,30.593
10/07/2015,03:00:00,17709.825,17799.954,17667.805,17760.921,24.40724
12/07/2015,03:00:00,17760.921,17760.921,17760.921,17760.921,0
13/07/2015,03:00:00,17731.903,17987.439,17697.361,17974.223,20.8697
14/07/2015,03:00:00,17972.432,18071.966,17949.502,18051.917,16.35318
15/07/2015,03:00:00,18058.378,18089.909,18007.632,18049.676,19.53432
16/07/2015,03:00:00,18125.977,18150.998,18062.809,18119.95,18.1782
17/07/2015,03:00:00,18084.78,18102.99,18030.684,18080.804,19.91605
19/07/2015,03:00:00,18080.804,18080.804,18080.804,18080.804,0
20/07/2015,03:00:00,18088.763,18136.99,18060.592,18095.91,20.77584
21/07/2015,03:00:00,18085.763,18097.863,17866.654,17920.974,28.08411
22/07/2015,03:00:00,17869.888,17909.637,17805.519,17854.837,36.35682
23/07/2015,03:00:00,17890.669,17907.799,17701.416,17739.993,41.15594
24/07/2015,03:00:00,17749.874,17785.974,17549.538,17574.934,40.72191
26/07/2015,03:00:00,17574.934,17574.934,17574.934,17574.934,0
27/07/2015,03:00:00,17603.514,17615.952,17396.569,17450.925,23.10774
28/07/2015,03:00:00,17529.97,17649.045,17448.586,17630.968,9.01913
29/07/2015,03:00:00,17615.614,17776.509,17610.875,17735.889,10.46689
30/07/2015,03:00:00,17747.306,17779.055,17635.254,17747.412,9.8905
31/07/2015,03:00:00,17764.875,17800.828,17670.816,17690.759,10.54985
02/08/2015,03:00:00,17690.759,17690.759,17690.759,17690.759,0
03/08/2015,03:00:00,17684.651,17736.855,17494.893,17595.623,9.82386
04/08/2015,03:00:00,17590.798,17635,17503.849,17550.851,21.4078
05/08/2015,03:00:00,17508.912,17660.443,17508.465,17548.907,8.75838
06/08/2015,03:00:00,17509.531,17565.998,17360.965,17413.86,13.50483
07/08/2015,03:00:00,17441.471,17448.305,17276.159,17376.903,9.0384
09/08/2015,03:00:00,17376.903,17376.903,17376.903,17376.903,0
10/08/2015,03:00:00,17419.306,17628.987,17368.483,17612.965,12.6537
11/08/2015,03:00:00,17527.799,17561.999,17350.884,17405.869,23.10915
12/08/2015,03:00:00,17300.782,17422.969,17124.96,17398.859,25.57414
13/08/2015,03:00:00,17442.674,17480.931,17338.05,17419.808,27.61989
14/08/2015,03:00:00,17409.868,17491.995,17366.195,17471.935,27.23032
16/08/2015,03:00:00,17471.935,17471.935,17471.935,17471.935,0
17/08/2015,03:00:00,17475.702,17552.823,17337.99,17545.93,15.6586
18/08/2015,03:00:00,17536.772,17570.989,17474.09,17512.99,28.87569
19/08/2015,03:00:00,17468.925,17519.279,17279.868,17341.815,18.02018
20/08/2015,03:00:00,17318.119,17320.141,16992.369,16992.551,12.47517
21/08/2015,03:00:00,16841.177,16941.943,16456.669,16461.809,44.15078
23/08/2015,03:00:00,16461.809,16461.809,16461.809,16461.809,0
24/08/2015,03:00:00,16068.265,16358.259,15232.495,15834.558,28.77429
25/08/2015,03:00:00,15930.85,16371.499,15648.564,15658.404,9.24438
26/08/2015,03:00:00,15954.964,16304.968,15784.347,16295.999,29.35271
27/08/2015,03:00:00,16279.823,16675.696,16247.697,16674.71,52.62643
28/08/2015,03:00:00,16608.616,16668.976,16484.076,16633.781,77.12832
30/08/2015,03:00:00,16633.781,16633.781,16633.781,16633.781,0
31/08/2015,03:00:00,16514.872,16626.025,16437.186,16525.863,66.55791
01/09/2015,03:00:00,16252.191,16320.036,15975.563,16027.832,66.36478
02/09/2015,03:00:00,16231.309,16349.932,16130.264,16347,65.56752
03/09/2015,03:00:00,16345.601,16551.82,16315.902,16367.063,69.56052
04/09/2015,03:00:00,16240.819,16309.786,16025.804,16105.855,18.91069
06/09/2015,03:00:00,16105.855,16105.855,16105.855,16105.855,0
07/09/2015,03:00:00,16205.808,16284.406,16166.914,16182.081,4.23555
08/09/2015,03:00:00,16235.875,16500.908,16203.794,16487.308,11.87504
09/09/2015,03:00:00,16624.601,16692.313,16216.522,16249.697,44.86352
10/09/2015,03:00:00,16347.775,16459.875,16159.614,16330.412,37.47516
11/09/2015,03:00:00,16352.954,16432.214,16216.543,16420.937,12.36861
13/09/2015,03:00:00,16420.937,16420.937,16420.937,16420.937,0
14/09/2015,03:00:00,16429.588,16493.513,16326.099,16366.946,8.18939
15/09/2015,03:00:00,16385.213,16643.513,16307.362,16601.284,9.97916
16/09/2015,03:00:00,16593.271,16756.514,16586.257,16738.546,7.78018
17/09/2015,03:00:00,16752.775,16934.827,16638.209,16676.411,9.11344
18/09/2015,03:00:00,16673.939,16703.853,16337.582,16374.104,12.22765
20/09/2015,03:00:00,16374.104,16374.104,16374.104,16374.104,0
21/09/2015,03:00:00,16374.076,16577.929,16356.662,16508.836,26.78746
22/09/2015,03:00:00,16539.981,16560.987,16218.808,16323.46,31.34632
23/09/2015,03:00:00,16184.504,16423.997,16181.4,16279.162,19.39343
24/09/2015,03:00:00,16245.637,16342.958,16013.896,16202.16,28.10857
25/09/2015,03:00:00,16288.9,16473.153,16227.94,16314.725,21.56075
27/09/2015,03:00:00,16314.725,16314.725,16314.725,16314.725,0
28/09/2015,03:00:00,16308.895,16389.371,15979.455,16007.991,18.11143
29/09/2015,03:00:00,15949.441,16116.998,15901.901,16044.947,28.14555
30/09/2015,03:00:00,16179.031,16296.982,16125.712,16271.686,20.91855
01/10/2015,03:00:00,16404.845,16447.054,16070.569,16265.735,19.58308
02/10/2015,03:00:00,16288.291,16470.899,16009.453,16468.878,10.34777
04/10/2015,03:00:00,16468.878,16468.878,16468.878,16468.878,0
05/10/2015,03:00:00,16476.874,16795.73,16443.213,16769.774,20.89744
06/10/2015,03:00:00,16715.901,16860.972,16678.81,16787.286,18.36939
07/10/2015,03:00:00,16805.982,16963.926,16764.746,16907.156,23.74829
08/10/2015,03:00:00,16799.536,17079.913,16777.759,17048.685,10.51726
09/10/2015,03:00:00,17081.849,17121.455,17005.825,17086.946,12.81743
11/10/2015,03:00:00,17086.946,17086.946,17086.946,17086.946,0
12/10/2015,03:00:00,17084.873,17138.274,17062.471,17126.54,12.99732
13/10/2015,03:00:00,17115.987,17169.995,17014.899,17079.55,23.81262
14/10/2015,03:00:00,17063.986,17112.479,16889.72,16923.584,26.16645
15/10/2015,03:00:00,17008.987,17147.843,16935.021,17147.605,10.17192
16/10/2015,03:00:00,17145.879,17217.407,17105.176,17210.117,8.04098
18/10/2015,03:00:00,17210.117,17210.117,17210.117,17210.117,0
19/10/2015,03:00:00,17171.108,17233.709,17125.955,17231.259,7.25444
20/10/2015,03:00:00,17182.714,17261.997,17140.831,17229.485,13.5561
21/10/2015,03:00:00,17264.678,17313.99,17153.607,17173.093,24.96591
22/10/2015,03:00:00,17175.903,17507.996,17161.55,17490.877,41.29022
23/10/2015,03:00:00,17537.925,17679.991,17505.643,17648.86,41.15197
25/10/2015,03:00:00,17648.86,17648.86,17648.86,17648.86,0
26/10/2015,02:00:00,17593.823,17663.696,17566.39,17620.773,34.82018
27/10/2015,02:00:00,17583.992,17635.999,17540.304,17582.987,30.35122
28/10/2015,02:00:00,17602.602,17774.789,17550.296,17774.789,20.20039
29/10/2015,02:00:00,17725.691,17785.971,17683.605,17752.975,27.15906
30/10/2015,02:00:00,17831.529,17840.865,17666.947,17666.947,15.82774
01/11/2015,02:00:00,17666.947,17666.947,17666.947,17666.947,0
02/11/2015,02:00:00,17649.599,17814.839,17649.599,17813.186,14.84264
03/11/2015,02:00:00,17803.014,17979.995,17768.018,17960.353,17.58133
04/11/2015,02:00:00,17921.989,17981.957,17828.104,17887.554,26.74196
05/11/2015,02:00:00,17868.175,17934.127,17775.683,17845.938,17.43436
06/11/2015,02:00:00,17864.902,17912.924,17763.823,17908.93,32.89087
08/11/2015,02:00:00,17908.93,17908.93,17908.93,17908.93,0
09/11/2015,02:00:00,17890.993,17890.993,17663.733,17726.766,28.29434
10/11/2015,02:00:00,17751.919,17767.998,17654.728,17764.986,28.95083
11/11/2015,02:00:00,17766.993,17842.689,17691.744,17698.451,28.82131
12/11/2015,02:00:00,17733.83,17760.986,17439.752,17447.873,34.03672
13/11/2015,02:00:00,17453.569,17490.986,17236.635,17243.859,25.78013
15/11/2015,02:00:00,17243.859,17243.859,17243.859,17243.859,0
16/11/2015,02:00:00,17171.809,17478.818,17164.677,17475.23,26.10069
17/11/2015,02:00:00,17476.666,17598.208,17439.072,17484.848,13.64981
18/11/2015,02:00:00,17470.312,17749.493,17448.486,17737.886,39.42733
19/11/2015,02:00:00,17755.048,17803.929,17681.3,17732.731,42.31662
20/11/2015,02:00:00,17759.475,17913.821,17748.743,17823.875,52.76114
22/11/2015,02:00:00,17823.875,17823.875,17823.875,17823.875,0
23/11/2015,02:00:00,17847.375,17866.338,17746.281,17787.937,72.8774
24/11/2015,02:00:00,17801.892,17860.487,17653.726,17815.825,47.20557
25/11/2015,02:00:00,17806.984,17862.998,17781.026,17813.936,60.9314
26/11/2015,02:00:00,17842.567,17902.534,17829.803,17883.909,3.0637
27/11/2015,02:00:00,17798.474,17832.849,17742.658,17799.691,41.37688
29/11/2015,02:00:00,17799.691,17799.691,17799.691,17799.691,0
30/11/2015,02:00:00,17791.835,17867.161,17719.011,17729.367,25.71103
01/12/2015,02:00:00,17821.9,17892.861,17767.638,17886.979,14.36646
02/12/2015,02:00:00,17900.459,17914.587,17705.187,17728.937,9.72838
03/12/2015,02:00:00,17781.089,17879.696,17420.607,17476.847,13.79122
04/12/2015,02:00:00,17531.576,17868.009,17457.813,17844.463,35.16534
06/12/2015,02:00:00,17844.463,17844.463,17844.463,17844.463,0
07/12/2015,02:00:00,17818.854,17879.618,17636.645,17734.893,40.58324
08/12/2015,02:00:00,17697.878,17730.749,17481.498,17568.969,42.08448
09/12/2015,02:00:00,17600.734,17767.948,17398.282,17491.945,41.38909
10/12/2015,02:00:00,17502.909,17699.512,17456.887,17575.86,12.10269
11/12/2015,02:00:00,17600.993,17611.297,17226.852,17256.829,11.8712
13/12/2015,02:00:00,17256.829,17256.829,17256.829,17256.829,0
14/12/2015,02:00:00,17329.914,17399.34,17135.556,17371.946,10.43006
15/12/2015,02:00:00,17357.952,17627.916,17344.086,17534.874,23.90564
16/12/2015,02:00:00,17592.721,17784.075,17480.035,17750.981,31.153
17/12/2015,02:00:00,17702.844,17816.696,17490.326,17504.586,11.02586
18/12/2015,02:00:00,17387.973,17458.014,17124.171,17126.086,10.48726
20/12/2015,02:00:00,17126.086,17126.086,17126.086,17126.086,0
21/12/2015,02:00:00,17162.505,17277.538,17110.569,17247.842,20.4011
22/12/2015,02:00:00,17306.347,17450.378,17200.925,17415.923,28.84007
23/12/2015,02:00:00,17439.648,17604.995,17437.961,17603.833,12.41145
24/12/2015,02:00:00,17550.788,17604.901,17537.871,17544.985,1.77812
25/12/2015,02:00:00,17544.985,17544.985,17544.985,17544.985,0
27/12/2015,02:00:00,17544.985,17544.985,17544.985,17544.985,0
28/12/2015,02:00:00,17530.91,17545.929,17431.818,17523.918,2.40675
29/12/2015,02:00:00,17555.119,17748.992,17551.333,17725.956,17.21701
30/12/2015,02:00:00,17719.979,17724.999,17583.946,17600.875,11.9561
31/12/2015,02:00:00,17623.967,17626.75,17444.995,17551.883,2.18071
01/01/2016,02:00:00,17551.883,17551.883,17551.883,17551.883,0
03/01/2016,02:00:00,17551.883,17551.883,17551.883,17551.883,0
04/01/2016,02:00:00,17257.888,17270.525,16954.654,17145.086,9.10995
05/01/2016,02:00:00,17203.073,17213.417,17037.76,17156.624,11.60907
06/01/2016,02:00:00,17038.836,17072.541,16813.592,16909.931,11.79726
07/01/2016,02:00:00,16690.21,16805.816,16460.476,16512.911,23.95946
08/01/2016,02:00:00,16669.702,16757.996,16314.79,16339.859,27.60408
10/01/2016,02:00:00,16339.859,16339.859,16339.859,16339.859,0
11/01/2016,02:00:00,16249.801,16462.836,16229.92,16391.993,27.61372
12/01/2016,02:00:00,16293.273,16592.818,16268.911,16507.841,25.91511
13/01/2016,02:00:00,16557.974,16626.226,16116.808,16149.886,16.41789
14/01/2016,02:00:00,16249.996,16482.986,16074.427,16368.873,34.63165
15/01/2016,02:00:00,16225.568,16267.759,15836.927,15980.942,15.94263
17/01/2016,02:00:00,15980.942,15980.942,15980.942,15980.942,0
18/01/2016,02:00:00,16056.985,16137.094,15957.917,15989.808,7.21837
19/01/2016,02:00:00,16165.956,16276.87,15898.864,16016.877,14.16077
20/01/2016,02:00:00,15725.61,15897,15448.83,15771.866,18.06311
21/01/2016,02:00:00,15722.809,16040.995,15646.837,15874.837,44.11284
22/01/2016,02:00:00,16008.846,16136.889,15974.855,16095.985,34.35598
24/01/2016,02:00:00,16095.985,16095.985,16095.985,16095.985,0
25/01/2016,02:00:00,16094.989,16095.994,15880.665,15894,40.71891
26/01/2016,02:00:00,15809.945,16185.997,15724.78,16167.875,42.28014
27/01/2016,02:00:00,16115.841,16234.999,15874.813,15941.829,31.18239
28/01/2016,02:00:00,15949.92,16139.079,15858.935,16066.94,29.55588
29/01/2016,02:00:00,16206.717,16453.949,16135.802,16445.868,22.82488
31/01/2016,02:00:00,16445.868,16445.868,16445.868,16445.868,0
01/02/2016,02:00:00,16433.911,16509.989,16293.811,16444.843,15.62579
02/02/2016,02:00:00,16376.849,16385.407,16104.978,16159.955,15.75612
03/02/2016,02:00:00,16135.826,16384.339,15957.441,16337.857,42.31786
04/02/2016,02:00:00,16440.727,16485.361,16205.986,16421.426,24.06456
05/02/2016,02:00:00,16384.025,16461.201,16126.492,16197.886,23.17969
07/02/2016,02:00:00,16197.886,16197.886,16197.886,16197.886,0
08/02/2016,02:00:00,16257.894,16267.068,15798.32,16026.468,24.02824
09/02/2016,02:00:00,15929.842,16135.461,15839.486,16019.894,52.46767
10/02/2016,02:00:00,15955.979,16201.986,15897.302,15916.372,22.19609
11/02/2016,02:00:00,15833.994,15857.975,15501.904,15649.908,49.68457
12/02/2016,02:00:00,15659.991,15971.479,15641.494,15967.971,43.44961
14/02/2016,02:00:00,15967.971,15967.971,15967.971,15967.971,0
15/02/2016,02:00:00,16109.942,16205.846,16081.357,16162.978,6.00514
16/02/2016,02:00:00,16215.971,16227.879,16025.707,16189.323,43.91859
17/02/2016,02:00:00,16134.89,16488.498,16109.736,16449.82,32.51126
18/02/2016,02:00:00,16464.904,16549.498,16388.887,16414.341,25.56041
19/02/2016,02:00:00,16450.975,16469.953,16274.679,16385.821,41.89834
21/02/2016,02:00:00,16385.821,16385.821,16385.821,16385.821,0
22/02/2016,02:00:00,16464.327,16662.447,16461.288,16611.649,33.38928
23/02/2016,02:00:00,16521.906,16601.499,16401.34,16431.389,37.44826
24/02/2016,02:00:00,16417.373,16506.971,16161.338,16482.913,31.33335
25/02/2016,02:00:00,16462.386,16698.308,16426.264,16693.76,44.99202
26/02/2016,02:00:00,16705.451,16844.497,16622.464,16639.88,26.06817
28/02/2016,02:00:00,16639.88,16639.88,16639.88,16639.88,0
29/02/2016,02:00:00,16536.415,16726.051,16495.882,16498.428,13.73972
01/03/2016,02:00:00,16520.88,16864.466,16520.88,16852.485,10.2239
02/03/2016,02:00:00,16916.336,16916.873,16763.594,16891.373,10.77709
03/03/2016,02:00:00,16898.924,16943.12,16816.467,16940.467,11.09861
04/03/2016,02:00:00,16940.37,17061.638,16896.549,17004.312,10.40694
06/03/2016,02:00:00,17004.312,17004.312,17004.312,17004.312,0
07/03/2016,02:00:00,16981.902,17097.843,16915.909,17064.929,10.66397
08/03/2016,02:00:00,16996.951,17072.431,16916.389,16966.445,88.21415
09/03/2016,02:00:00,17008.836,17081.37,16943.455,16992.863,26.53102
10/03/2016,02:00:00,17007.981,17176.446,16819.394,16996.373,34.61417
11/03/2016,02:00:00,17094.019,17219.909,17090.324,17208.365,23.4638
13/03/2016,02:00:00,17208.365,17208.365,17208.365,17208.365,0
14/03/2016,02:00:00,17167.851,17273.868,17147.337,17225.869,15.06338
15/03/2016,02:00:00,17182.993,17250.985,17116.366,17250.482,10.04738
16/03/2016,02:00:00,17256.828,17378.983,17185.977,17322.902,13.25176
17/03/2016,02:00:00,17359.805,17527.9,17240.814,17483.411,17.70463
18/03/2016,02:00:00,17491.81,17614.412,17455.322,17587.578,7.1398
20/03/2016,02:00:00,17587.578,17587.578,17587.578,17587.578,0
21/03/2016,02:00:00,17554.426,17648.887,17539.515,17622.71,22.00782
22/03/2016,02:00:00,17617.415,17649.993,17529.81,17588.394,29.26423
23/03/2016,02:00:00,17569.862,17616.486,17485.422,17509.976,18.83659
24/03/2016,02:00:00,17496.424,17516.991,17395.99,17514.85,20.84765
25/03/2016,02:00:00,17514.85,17514.85,17514.85,17514.85,0
27/03/2016,02:00:00,17514.85,17514.85,17514.85,17514.85,0
28/03/2016,03:00:00,17583.404,17621.489,17487.303,17535.884,15.17634
29/03/2016,03:00:00,17560.47,17641.202,17429.819,17637.895,16.96481
30/03/2016,03:00:00,17648.334,17788.987,17644.353,17716.973,22.66749
31/03/2016,03:00:00,17693.877,17754.473,17660.316,17686.977,24.23229
01/04/2016,03:00:00,17656.645,17809.055,17565.255,17791.89,13.23179
03/04/2016,03:00:00,17791.89,17791.89,17791.89,17791.89,0
04/04/2016,03:00:00,17816.289,17843.88,17708.815,17737.831,8.93011
05/04/2016,03:00:00,17680.355,17714.823,17578.366,17602.878,18.36232
06/04/2016,03:00:00,17663.824,17724.962,17537.903,17712.838,28.88928
07/04/2016,03:00:00,17704.857,17718.527,17482.095,17544.899,24.96097
08/04/2016,03:00:00,17594.876,17694.342,17523.333,17577.487,28.55948
10/04/2016,03:00:00,17577.487,17577.487,17577.487,17577.487,0
11/04/2016,03:00:00,17565.374,17731.38,17498.803,17556.876,29.06432
12/04/2016,03:00:00,17575.309,17742.822,17530.201,17713.891,31.20775
13/04/2016,03:00:00,17768.189,17916.909,17751.787,17901.824,7.53992
14/04/2016,03:00:00,17902.91,17959.371,17859.217,17922.87,84.12527
15/04/2016,03:00:00,17933.459,17936.477,17863.575,17888.382,22.19442
17/04/2016,03:00:00,17888.382,17888.382,17888.382,17888.382,0
18/04/2016,03:00:00,17796.905,18003.411,17770.41,17998.82,89.05349
19/04/2016,03:00:00,17997.466,18101.495,17981.398,18053.958,43.6222
20/04/2016,03:00:00,17999.099,18166.808,17986.312,18102.358,15.87129
21/04/2016,03:00:00,18153.096,18157.612,17965.184,17990.426,18.2808
22/04/2016,03:00:00,17999.983,18027.91,17904.391,18002.946,57.93785
24/04/2016,03:00:00,18002.946,18002.946,18002.946,18002.946,0
25/04/2016,03:00:00,17982.869,17997.037,17849.968,17975.536,14.15226
26/04/2016,03:00:00,17979.63,18048.57,17930.923,17988.472,22.20692
27/04/2016,03:00:00,17953.837,18085.311,17918.36,18044.969,28.95318
28/04/2016,03:00:00,17926.957,18033.98,17795.492,17836.434,30.96378
29/04/2016,03:00:00,17835.38,17863.48,17646.703,17775.258,32.17193
01/05/2016,03:00:00,17775.258,17775.258,17775.258,17775.258,0
02/05/2016,03:00:00,17769.368,17910.944,17756.606,17886.439,13.02284
03/05/2016,03:00:00,17867.666,17879.917,17665.306,17750.378,23.85771
04/05/2016,03:00:00,17746.436,17773.392,17606.906,17649.919,17.9911
05/05/2016,03:00:00,17699.691,17756.638,17611.765,17658.427,51.57296
06/05/2016,03:00:00,17623.368,17743.475,17541.263,17736.867,24.6098
08/05/2016,03:00:00,17736.867,17736.867,17736.867,17736.867,0
09/05/2016,03:00:00,17752.32,17794.144,17662.967,17710.376,10.32431
10/05/2016,03:00:00,17760.944,17933.017,17746.802,17925.374,12.53179
11/05/2016,03:00:00,17860.318,17878.471,17709.356,17715.93,12.76258
12/05/2016,03:00:00,17737.853,17801.372,17619.864,17722.428,12.14979
13/05/2016,03:00:00,17661.252,17736.449,17507.984,17536.467,16.9769
15/05/2016,03:00:00,17536.467,17536.467,17536.467,17536.467,0
16/05/2016,03:00:00,17563.866,17752.307,17520.981,17703.309,4.69595
17/05/2016,03:00:00,17720.863,17758.995,17463.902,17529.963,24.85078
18/05/2016,03:00:00,17519.981,17636.997,17414.267,17524.481,34.62304
19/05/2016,03:00:00,17473.866,17510.999,17326.925,17429.801,36.85296
20/05/2016,03:00:00,17506.421,17572.499,17465.763,17500.303,32.51232
22/05/2016,03:00:00,17500.303,17500.303,17500.303,17500.303,0
23/05/2016,03:00:00,17519.344,17558.372,17457.307,17496.009,31.87599
24/05/2016,03:00:00,17473.326,17743.49,17462.287,17703.882,31.08283
25/05/2016,03:00:00,17745.478,17892.366,17740.814,17846.894,29.44692
26/05/2016,03:00:00,17837.871,17889.962,17803.245,17828.869,25.80343
27/05/2016,03:00:00,17851.478,17872.994,17820.771,17866.306,26.16784
29/05/2016,03:00:00,17866.306,17866.306,17866.306,17866.306,0
30/05/2016,03:00:00,17911.822,17917.573,17892.915,17912.493,0.87414
31/05/2016,03:00:00,17911.375,17912.996,17721.44,17764.312,19.87906
01/06/2016,03:00:00,17781.754,17806.552,17662.977,17780.811,10.03893
02/06/2016,03:00:00,17745.909,17831.889,17699.869,17831.889,28.0726
03/06/2016,03:00:00,17832,17857.52,17686.592,17805,10.35981
05/06/2016,03:00:00,17805,17805,17805,17805,0
06/06/2016,03:00:00,17814.454,17947.999,17796.647,17919.862,28.09973
07/06/2016,03:00:00,17936.498,18002.022,17936.103,17943.908,16.44366
08/06/2016,03:00:00,17945.436,18017.182,17927.427,18001.857,23.41039
09/06/2016,03:00:00,17984.747,18003.815,17914.386,17985.845,9.36894
10/06/2016,03:00:00,17962.115,17971.796,17809.347,17869.862,17.63281
12/06/2016,03:00:00,17869.862,17869.862,17869.862,17869.862,0
13/06/2016,03:00:00,17796.026,17891.625,17733.486,17736.834,26.70059
14/06/2016,03:00:00,17760.483,17760.483,17591.158,17671.473,24.96355
15/06/2016,03:00:00,17659.396,17766.925,17629.669,17648.426,18.91886
16/06/2016,03:00:00,17581.961,17748.005,17468.158,17724.864,13.94446
17/06/2016,03:00:00,17748.744,17754.312,17598.707,17666.946,34.96161
19/06/2016,03:00:00,17666.946,17666.946,17666.946,17666.946,0
20/06/2016,03:00:00,17820.346,17945.993,17798.251,17805.441,34.76604
21/06/2016,03:00:00,17858.438,17886.994,17794.266,17823.89,32.87473
22/06/2016,03:00:00,17851.989,17918.908,17767.296,17779.902,10.66242
23/06/2016,03:00:00,17874.699,18007.182,17841.596,18006.47,17.34237
24/06/2016,03:00:00,17330.072,17697.224,17314.346,17399.137,10.74856
26/06/2016,03:00:00,17399.137,17399.137,17399.137,17399.137,0
27/06/2016,03:00:00,17299.591,17372.159,17060.523,17140.428,14.72848
28/06/2016,03:00:00,17225.839,17402.479,17211.062,17401.901,12.81228
29/06/2016,03:00:00,17432.531,17703.978,17427.518,17689.009,10.02071
30/06/2016,03:00:00,17699.147,17928.603,17658.928,17912.936,10.19843
01/07/2016,03:00:00,17905.467,17999.456,17858.854,17949.343,23.18433
03/07/2016,03:00:00,17949.343,17949.343,17949.343,17949.343,0
04/07/2016,03:00:00,17989.946,18021.179,17950.862,17972.675,4.87682
05/07/2016,03:00:00,17933.477,17938.465,17784.489,17837.874,20.44202
06/07/2016,03:00:00,17813.478,17923,17707.537,17906.473,21.52112
07/07/2016,03:00:00,17913.854,17980.552,17813.68,17888.826,15.74088
08/07/2016,03:00:00,17880.498,18166.465,17876.974,18136.921,19.08272
10/07/2016,03:00:00,18136.921,18136.921,18136.921,18136.921,0
11/07/2016,03:00:00,18203.888,18284.985,18157.095,18223.81,25.18552
12/07/2016,03:00:00,18238.971,18372.986,18235.544,18348.958,58.31244
13/07/2016,03:00:00,18320.843,18389.498,18312.381,18368.453,21.30226
14/07/2016,03:00:00,18391.407,18559.701,18388.777,18505.45,18.30386
15/07/2016,03:00:00,18480.484,18569.996,18470.641,18513.469,32.65266
17/07/2016,03:00:00,18513.469,18513.469,18513.469,18513.469,0
18/07/2016,03:00:00,18532.997,18570.999,18488.93,18528.833,21.91077
19/07/2016,03:00:00,18523.103,18559.368,18480.486,18558.883,13.03338
20/07/2016,03:00:00,18558.934,18637.406,18553.475,18590.926,8.21427
21/07/2016,03:00:00,18600.091,18620.833,18468.575,18514.412,15.63387
22/07/2016,03:00:00,18505.39,18568,18490.439,18561.881,23.17358
24/07/2016,03:00:00,18561.881,18561.881,18561.881,18561.881,0
25/07/2016,03:00:00,18549.912,18580.691,18451.309,18494.93,7.25036
26/07/2016,03:00:00,18513.661,18517.88,18384.868,18474.877,19.95991
27/07/2016,03:00:00,18512.426,18543.232,18427.99,18472.456,15.0043
28/07/2016,03:00:00,18492.654,18526.483,18365.388,18451.853,21.60974
29/07/2016,03:00:00,18434.179,18467.968,18368.38,18428.399,11.30934
31/07/2016,03:00:00,18428.399,18428.399,18428.399,18428.399,0
01/08/2016,03:00:00,18513.617,18522.787,18351.375,18404.81,13.46273
02/08/2016,03:00:00,18418.994,18431.987,18242.538,18312.882,26.51061
03/08/2016,03:00:00,18294.059,18350.932,18258.907,18342.405,11.84172
04/08/2016,03:00:00,18353.412,18405.974,18320.366,18352.802,8.59189
05/08/2016,03:00:00,18369.112,18533.836,18359.409,18530.855,9.00984
07/08/2016,03:00:00,18530.855,18530.855,18530.855,18530.855,0
08/08/2016,03:00:00,18535.426,18570.179,18498.2,18527.448,8.37322
09/08/2016,03:00:00,18527.422,18585.251,18502.56,18526.581,26.21029
10/08/2016,03:00:00,18499.324,18561.662,18465.005,18493.363,26.00287
11/08/2016,03:00:00,18528.164,18638.487,18503.977,18610.869,17.33809
12/08/2016,03:00:00,18612.963,18629.93,18531.904,18571.463,16.94566
14/08/2016,03:00:00,18571.463,18571.463,18571.463,18571.463,0
15/08/2016,03:00:00,18601.48,18668.024,18589.384,18633.469,10.11059
16/08/2016,03:00:00,18605.383,18621.926,18549.898,18554.377,15.54439
17/08/2016,03:00:00,18568.005,18582.662,18466.15,18568.88,7.78439
18/08/2016,03:00:00,18578.484,18599.683,18527.848,18590.864,28.48144
19/08/2016,03:00:00,18578.036,18586.329,18488.366,18549.97,10.88421
21/08/2016,03:00:00,18549.97,18549.97,18549.97,18549.97,0
22/08/2016,03:00:00,18524.445,18579.942,18461.223,18531.34,28.0246
23/08/2016,03:00:00,18543.929,18636.434,18538.559,18549.338,3.46093
24/08/2016,03:00:00,18532.059,18564.262,18449.682,18490.474,10.87371
25/08/2016,03:00:00,18501.984,18504.31,18429.305,18461.368,18.0613
26/08/2016,03:00:00,18468.96,18573.3,18331.926,18401.312,26.54162
28/08/2016,03:00:00,18401.312,18401.312,18401.312,18401.312,0
29/08/2016,03:00:00,18397.929,18523.967,18373.079,18502.829,16.7604
30/08/2016,03:00:00,18498.911,18520.854,18406.65,18456.413,23.26805
31/08/2016,03:00:00,18445.468,18452.969,18329.457,18395.436,12.78539
01/09/2016,03:00:00,18438.814,18468.361,18290.47,18410.97,28.40668
02/09/2016,03:00:00,18403.47,18546.47,18387.469,18485.469,33.51868
04/09/2016,03:00:00,18485.469,18485.469,18485.469,18485.469,0
05/09/2016,03:00:00,18525.723,18525.97,18470.969,18494.469,15.44999
06/09/2016,03:00:00,18503.47,18552.47,18445.97,18538.469,31.17424
07/09/2016,03:00:00,18526.47,18539.969,18469.469,18517.469,33.10062
08/09/2016,03:00:00,18524.969,18550.97,18442.19,18473.969,16.90447
09/09/2016,03:00:00,18454.37,18460.977,18083.969,18087.469,20.19691
11/09/2016,03:00:00,18087.469,18087.469,18087.469,18087.469,0
12/09/2016,03:00:00,17948.97,18356.924,17901.969,18318.469,11.3646
13/09/2016,03:00:00,18250.87,18252.916,18022.47,18065.969,14.87271
14/09/2016,03:00:00,18124.469,18162.201,17988.469,18027.469,8.20293
15/09/2016,03:00:00,18019.107,18247.47,17990.97,18204.969,13.69888
16/09/2016,03:00:00,18173.969,18182.969,18065.469,18114.47,24.92848
18/09/2016,03:00:00,18114.47,18114.47,18114.47,18114.47,0
19/09/2016,03:00:00,18201.477,18255.47,18089.469,18118.47,22.43371
20/09/2016,03:00:00,18163.969,18229.969,18127.469,18132.47,19.73771
21/09/2016,03:00:00,18191.469,18304.47,18117.97,18290.469,20.55159
22/09/2016,03:00:00,18285.47,18447.47,18276.47,18382.47,19.11887
23/09/2016,03:00:00,18382.969,18393.969,18252.469,18266.47,9.52999
25/09/2016,03:00:00,18266.47,18266.47,18266.47,18266.47,0
26/09/2016,03:00:00,18236.47,18249.031,18083.338,18102.969,10.72781
27/09/2016,03:00:00,18207.969,18241.969,18049.47,18229.47,13.79789
28/09/2016,03:00:00,18209.371,18346.97,18178.469,18332.47,13.73835
29/09/2016,03:00:00,18357.982,18366.492,18086.969,18150.47,11.47921
30/09/2016,03:00:00,18124.47,18371.229,18076.97,18302.97,24.89225
02/10/2016,03:00:00,18302.97,18302.97,18302.97,18302.97,0
03/10/2016,03:00:00,18312.354,18329.47,18192.97,18255.47,21.49576
04/10/2016,03:00:00,18260.97,18317.648,18108.97,18163.97,20.39921
05/10/2016,03:00:00,18166.47,18315.47,18136.469,18273.969,22.3792
06/10/2016,03:00:00,18274.969,18305.395,18158.469,18265.469,19.61278
07/10/2016,03:00:00,18244.469,18333.969,18145.127,18234.47,23.75267
09/10/2016,03:00:00,18234.47,18234.47,18234.47,18234.47,0
10/10/2016,03:00:00,18275.97,18402.969,18254.97,18329.082,21.45145
11/10/2016,03:00:00,18301.83,18330.97,18052.47,18134.97,40.06005
12/10/2016,03:00:00,18162.469,18191.523,18076.469,18140.469,25.41226
13/10/2016,03:00:00,18025.97,18136.469,17954.469,18102.47,22.69983
14/10/2016,03:00:00,18108.47,18263.469,18088.969,18140.469,18.86811
16/10/2016,03:00:00,18140.469,18140.469,18140.469,18140.469,0
17/10/2016,03:00:00,18097.469,18164.549,18058.469,18087.47,18.48913
18/10/2016,03:00:00,18142.97,18225.07,18124.97,18153.47,22.23633
19/10/2016,03:00:00,18154.47,18249.47,18113.469,18201.469,18.83317
20/10/2016,03:00:00,18237.469,18250.24,18127.145,18162.97,5.90805
21/10/2016,03:00:00,18141.969,18171.982,18045.969,18139.969,11.22173
23/10/2016,03:00:00,18139.969,18139.969,18139.969,18139.969,0
24/10/2016,03:00:00,18173.293,18275.47,18170.045,18216.97,26.79797
25/10/2016,03:00:00,18243.818,18253.65,18148.47,18173.47,5.25761
26/10/2016,03:00:00,18147.469,18236.47,18056.438,18200.47,16.97981
27/10/2016,03:00:00,18186.26,18265.355,18147.951,18175.97,6.73008
28/10/2016,03:00:00,18177.97,18253.47,18090.568,18167.969,17.26531
30/10/2016,03:00:00,18167.969,18167.969,18167.969,18167.969,0
31/10/2016,02:00:00,18226.47,18227.469,18128.537,18145.336,14.63461
01/11/2016,02:00:00,18197.47,18207.367,17937.47,18034.97,9.39074
02/11/2016,02:00:00,17957.469,18044.883,17927.47,17963.473,6.38801
03/11/2016,02:00:00,17957.47,18014.473,17901.469,17932.936,8.55324
04/11/2016,02:00:00,17935.469,17981.92,17881.703,17886.201,9.84234
06/11/2016,02:00:00,17886.201,17886.201,17886.201,17886.201,0
07/11/2016,02:00:00,18118.47,18266.47,18103.367,18258.47,11.78659
08/11/2016,02:00:00,18236.47,18402.469,18198.469,18331.47,11.0858
09/11/2016,02:00:00,17725.355,18646.969,17724.965,18589.47,27.11884
10/11/2016,02:00:00,18631.463,18876.861,18628.469,18804.469,13.95131
11/11/2016,02:00:00,18862.97,18882.469,18739.969,18844.969,8.05169
13/11/2016,02:00:00,18844.969,18844.969,18844.969,18844.969,0
14/11/2016,02:00:00,18948.97,18970.97,18816.969,18870.562,22.99201
15/11/2016,02:00:00,18878.154,18924.47,18803.559,18920.328,56.30702
16/11/2016,02:00:00,18910.47,18911.97,18823.47,18866.969,18.92733
17/11/2016,02:00:00,18884.47,18901.97,18841.877,18897.969,24.05181
18/11/2016,02:00:00,18893.135,18915.031,18849.74,18866.469,6.63426
20/11/2016,02:00:00,18866.469,18866.469,18866.469,18866.469,0
21/11/2016,02:00:00,18891.062,18954.66,18859.307,18946.969,6.61674
22/11/2016,02:00:00,19011.502,19022.47,18959.105,19022.47,18.25253
23/11/2016,02:00:00,19034.96,19081.71,19001.986,19077.97,43.97969
24/11/2016,02:00:00,19079.566,19145.338,19072.86,19139.89,18.23696
25/11/2016,02:00:00,19131.676,19150.037,19117.857,19150.037,23.17763
27/11/2016,02:00:00,19150.037,19150.037,19150.037,19150.037,0
28/11/2016,02:00:00,19123.871,19138.969,19069.807,19101.469,18.66729
29/11/2016,02:00:00,19093.469,19142.97,19069.84,19124.969,17.85784
30/11/2016,02:00:00,19125.898,19222.39,19120.52,19139.469,5.71038
01/12/2016,02:00:00,19125.07,19210.426,19124.861,19187.969,7.85726
02/12/2016,02:00:00,19183.47,19198.97,19140.158,19174.47,5.56776
04/12/2016,02:00:00,19174.47,19174.47,19174.47,19174.47,0
05/12/2016,02:00:00,19126.572,19281.969,19119.916,19215.47,19.06316
06/12/2016,02:00:00,19215.469,19251.47,19184.361,19248.969,9.44878
07/12/2016,02:00:00,19245.576,19559.463,19221.414,19531.97,6.67385
08/12/2016,02:00:00,19533.97,19664.031,19494.47,19610.969,5.99958
09/12/2016,02:00:00,19628.969,19753.469,19618.97,19751.63,3.94824
11/12/2016,02:00:00,19751.63,19751.63,19751.63,19751.63,0
12/12/2016,02:00:00,19784.998,19820.604,19750.725,19785.97,3.05963
13/12/2016,02:00:00,19804.184,19956.553,19803.904,19904.47,4.71535
14/12/2016,02:00:00,19902.469,19963.969,19746.299,19801.969,11.70831
15/12/2016,02:00:00,19848.47,19949.47,19805.47,19850.969,13.3221
16/12/2016,02:00:00,19878.969,19916.47,19817.47,19839.97,12.75077
18/12/2016,02:00:00,19839.97,19839.97,19839.97,19839.97,0
19/12/2016,02:00:00,19896.47,19916.469,19848.01,19886.469,2.5784
20/12/2016,02:00:00,19895.602,19988.465,19892.47,19965.469,1.18575
21/12/2016,02:00:00,19964.469,19985.47,19938.578,19944.47,8.50318
22/12/2016,02:00:00,19918.977,19952.795,19884.969,19920.97,4.9377
23/12/2016,02:00:00,19932.97,19942.97,19898.97,19925.469,3.52132
25/12/2016,02:00:00,19925.469,19925.469,19925.469,19925.469,0
26/12/2016,02:00:00,19925.469,19925.469,19925.469,19925.469,0
27/12/2016,02:00:00,19923.969,19975.146,19915.469,19939.47,3.54951
28/12/2016,02:00:00,19961.969,19977.97,19827.469,19837.469,6.52207
29/12/2016,02:00:00,19835.469,19874.97,19786.47,19820.97,5.01272
30/12/2016,02:00:00,19859.969,19864.97,19719.469,19777.469,4.93821
01/01/2017,02:00:00,19777.469,19777.469,19777.469,19777.469,0
02/01/2017,02:00:00,19777.469,19777.469,19777.469,19777.469,0
03/01/2017,02:00:00,19881.97,19936.47,19780.47,19877.97,2.7787
04/01/2017,02:00:00,19881.47,19951.47,19871.469,19935.469,3.54885
05/01/2017,02:00:00,19907.47,19943.97,19805.469,19896.969,1.37697
06/01/2017,02:00:00,19889.365,19995.47,19830.969,19965.47,7.55486
08/01/2017,02:00:00,19965.47,19965.47,19965.47,19965.47,0
09/01/2017,02:00:00,19990.97,19992.97,19889.469,19897.47,7.58319
10/01/2017,02:00:00,19881.97,19957.97,19838.469,19863.97,7.13874
11/01/2017,02:00:00,19861.47,19977.47,19830.969,19950.469,5.96988
12/01/2017,02:00:00,19902.97,19918.66,19763.469,19887.469,5.44057
13/01/2017,02:00:00,19894.469,19949.969,19845.969,19883.969,1.56035
15/01/2017,02:00:00,19883.969,19883.969,19883.969,19883.969,0
16/01/2017,02:00:00,19856.97,19882.47,19845.969,19858.469,2.24896
17/01/2017,02:00:00,19849.49,19883.97,19773.97,19826.469,8.0837
18/01/2017,02:00:00,19845.969,19853.232,19734.97,19803.47,5.86991
19/01/2017,02:00:00,19801.97,19824.36,19677.37,19737.469,6.04812
20/01/2017,02:00:00,19744.469,19845.969,19735.623,19820.969,9.02046
22/01/2017,02:00:00,19820.969,19820.969,19820.969,19820.969,0
23/01/2017,02:00:00,19776.49,19837.492,19733.068,19802.47,9.60209
24/01/2017,02:00:00,19800.469,19946.37,19788.969,19910.97,12.65942
25/01/2017,02:00:00,19937.469,20082.47,19935.469,20069.97,10.486
26/01/2017,02:00:00,20128.469,20128.47,20067.47,20098.469,8.5774
27/01/2017,02:00:00,20116.97,20137.97,20072.47,20089.469,10.89193
29/01/2017,02:00:00,20089.469,20089.469,20089.469,20089.469,0
30/01/2017,02:00:00,20042.311,20060.797,19868.775,19958.469,6.18722
31/01/2017,02:00:00,19908.969,19946.47,19781.47,19862.969,11.56739
01/02/2017,02:00:00,19913.47,19962.47,19841.47,19883.97,14.5835
02/02/2017,02:00:00,19825.969,19919.469,19812.475,19883.969,5.65087
03/02/2017,02:00:00,19877.97,20075.97,19877.97,20057.969,10.4484
05/02/2017,02:00:00,20057.969,20057.969,20057.969,20057.969,0
06/02/2017,02:00:00,20063.97,20090.97,20002.969,20055.47,3.0634
07/02/2017,02:00:00,20044.97,20157.969,20040.969,20086.47,9.16158
08/02/2017,02:00:00,20093.469,20099.97,20013.969,20046.969,7.38442
09/02/2017,02:00:00,20044.969,20202.469,20035.469,20166.969,1.76962
10/02/2017,02:00:00,20231.97,20296.469,20196.97,20272.47,13.64878
12/02/2017,02:00:00,20272.47,20272.47,20272.47,20272.47,0
13/02/2017,02:00:00,20288.97,20439.97,20285.969,20411.47,10.56099
14/02/2017,02:00:00,20399.47,20502.47,20381.031,20499.97,6.75388
15/02/2017,02:00:00,20531.883,20616.47,20497.47,20610.47,10.70297
16/02/2017,02:00:00,20629.469,20641.97,20556.969,20620.47,9.08015
17/02/2017,02:00:00,20594.97,20617.27,20526.223,20616.52,10.21898
19/02/2017,02:00:00,20616.52,20616.52,20616.52,20616.52,0
20/02/2017,02:00:00,20655.281,20689.326,20630.969,20661.305,2.33583
21/02/2017,02:00:00,20631.797,20751.938,20620.814,20723.969,6.61567
22/02/2017,02:00:00,20730.734,20776.354,20687.176,20767.469,13.44317
23/02/2017,02:00:00,20771.97,20837.57,20744.469,20805.469,2.37502
24/02/2017,02:00:00,20790.97,20816.818,20713.469,20812.97,6.29657
26/02/2017,02:00:00,20812.97,20812.97,20812.97,20812.97,0
27/02/2017,02:00:00,20823.838,20842.969,20768.47,20828.469,9.20323
28/02/2017,02:00:00,20816.47,20836.47,20774.969,20812.47,1.46305
01/03/2017,02:00:00,20841.47,21171.525,20836.47,21108.969,11.07964
02/03/2017,02:00:00,21125.969,21138.97,20993.47,20995.469,9.16012
03/03/2017,02:00:00,20959.469,21045.568,20950.568,20993.969,7.92247
05/03/2017,02:00:00,20993.969,20993.969,20993.969,20993.969,0
06/03/2017,02:00:00,20950.781,20985.572,20908.969,20955.469,8.36162
07/03/2017,02:00:00,20965.27,20969.082,20898.969,20920.969,6.87421
08/03/2017,02:00:00,20883.69,20950.943,20833.469,20853.47,7.5072
09/03/2017,02:00:00,20858.97,20899.182,20775.924,20856.469,11.88024
10/03/2017,02:00:00,20911.621,20976.936,20824.47,20897.47,9.8782
12/03/2017,02:00:00,20897.47,20897.47,20897.47,20897.47,0
13/03/2017,02:00:00,20899.969,20923.07,20848.969,20875.469,7.26469
14/03/2017,02:00:00,20862.945,20872.293,20782.97,20836.785,7.28189
15/03/2017,02:00:00,20872.969,20972.1,20854.389,20940.469,8.19443
16/03/2017,02:00:00,20970.469,21024.701,20890.969,20927.969,4.80106
17/03/2017,02:00:00,20915.068,20975.67,20904.969,20913.17,6.81755
19/03/2017,02:00:00,20913.17,20913.17,20913.17,20913.17,0
20/03/2017,02:00:00,20892.47,20951.27,20880.47,20905.47,12.4521
21/03/2017,02:00:00,20938.47,20968.37,20653.969,20666.969,13.85941
22/03/2017,02:00:00,20619.47,20685.97,20578.47,20661.47,12.29183
23/03/2017,02:00:00,20674.969,20755.47,20613.97,20653.469,9.68094
24/03/2017,02:00:00,20704.568,20717.934,20529.67,20607.969,8.18647
26/03/2017,02:00:00,20607.969,20607.969,20607.969,20607.969,0
27/03/2017,03:00:00,20510.469,20576.87,20408.97,20547.97,6.752
28/03/2017,03:00:00,20585.97,20733.27,20512.47,20699.969,4.8761
29/03/2017,03:00:00,20700.47,20718.97,20619.969,20652.969,2.69936
30/03/2017,03:00:00,20671.969,20752.57,20629.969,20721.47,2.78758
31/03/2017,03:00:00,20682.27,20718.47,20655.969,20657.969,2.66231
02/04/2017,03:00:00,20657.969,20657.969,20657.969,20657.969,0
03/04/2017,03:00:00,20678.969,20708.97,20515.97,20648.969,29.6785
04/04/2017,03:00:00,20609.469,20698.67,20570.068,20685.67,390.2318
05/04/2017,03:00:00,20690.77,20888.67,20636.969,20647.47,96.7263
06/04/2017,03:00:00,20593.969,20746.67,20581.969,20662.469,366.3669
07/04/2017,03:00:00,20604.469,20726.67,20590.068,20658.67,518.7974
09/04/2017,03:00:00,20658.67,20658.67,20658.67,20658.67,0
10/04/2017,03:00:00,20686.47,20748.67,20610.17,20652.17,388.3426
11/04/2017,03:00:00,20637.969,20663.068,20505.67,20646.67,531.5562
12/04/2017,03:00:00,20640.469,20701.068,20552.67,20585.67,501.01987
13/04/2017,03:00:00,20589.969,20610.67,20454.67,20457.67,503.4045
14/04/2017,03:00:00,20457.67,20457.67,20457.67,20457.67,0
16/04/2017,03:00:00,20457.67,20457.67,20457.67,20457.67,0
17/04/2017,03:00:00,20456.969,20642.67,20449.07,20635.67,240.979
18/04/2017,03:00:00,20633.47,20643.47,20457.469,20518.97,116.48936
19/04/2017,03:00:00,20497.969,20545.97,20370.67,20393.469,30.39707
20/04/2017,03:00:00,20400.47,20628.67,20395.5,20575.969,208.1238
21/04/2017,03:00:00,20604.97,20615.47,20504.97,20553.97,221.8529
23/04/2017,03:00:00,20553.97,20553.97,20553.97,20553.97,0
24/04/2017,03:00:00,20725.969,20793.67,20724.969,20767.47,181.7006
25/04/2017,03:00:00,20804.969,21027.47,20794.568,20997.97,11.551
26/04/2017,03:00:00,21016.57,21071.469,20972.469,20982.67,75.84587
27/04/2017,03:00:00,20988.97,21007.97,20931.57,20979.47,222.1109
28/04/2017,03:00:00,20951.97,20991.07,20920.969,20939.67,215.3612
30/04/2017,03:00:00,20939.67,20939.67,20939.67,20939.67,0
01/05/2017,03:00:00,20962.97,20987.37,20895.17,20920.969,101.466
02/05/2017,03:00:00,20919.969,20958.67,20900.969,20943.67,247.36052
03/05/2017,03:00:00,20914.969,20973.77,20869.97,20956.469,132.7442
04/05/2017,03:00:00,20969.97,21011.97,20844.67,20944.67,240.7582
05/05/2017,03:00:00,20905.97,21005.67,20897.47,21000.67,71.5879
07/05/2017,03:00:00,21000.67,21000.67,21000.67,21000.67,0
08/05/2017,03:00:00,21017.469,21020.469,20963.068,21003.67,245.6634
09/05/2017,03:00:00,20992.969,21047.67,20936.67,20974.67,218.52751
10/05/2017,03:00:00,20913.469,20975.67,20882.67,20942.17,308.2719
11/05/2017,03:00:00,20920.969,20931.67,20794.969,20912.97,376.1925
12/05/2017,03:00:00,20889.469,20916.67,20863.068,20888.67,310.6758
14/05/2017,03:00:00,20888.67,20888.67,20888.67,20888.67,0
15/05/2017,03:00:00,20908.47,21000.17,20901.068,20980.469,239.3656
16/05/2017,03:00:00,20968.469,21030.47,20929.97,20976.469,231.8274
17/05/2017,03:00:00,20854.969,20882.07,20600.97,20612.969,478.3408
18/05/2017,03:00:00,20649.87,20760.17,20495.67,20664.97,473.21603
19/05/2017,03:00:00,20666.469,20858.67,20652.068,20801.17,296.5762
21/05/2017,03:00:00,20801.17,20801.17,20801.17,20801.17,0
22/05/2017,03:00:00,20841.47,20914.969,20787.97,20892.969,170.73781
23/05/2017,03:00:00,20882.969,20962.57,20869.47,20938.07,98.7098
24/05/2017,03:00:00,20927.469,21021.67,20924.07,21005.969,280.1671
25/05/2017,03:00:00,21094.97,21112.67,21048.67,21080.67,367.8136
26/05/2017,03:00:00,21061.47,21093.07,21037.568,21073.57,314.3955
28/05/2017,03:00:00,21073.57,21073.57,21073.57,21073.57,0
29/05/2017,03:00:00,21084.469,21108.67,21073.469,21074.87,96.5526
30/05/2017,03:00:00,21064.969,21075.969,21005.068,21025.469,4.63474
31/05/2017,03:00:00,21026.97,21065.97,20935.469,21007.97,5.37654
01/06/2017,03:00:00,21016.469,21139.57,20987.97,21134.068,5.19815
02/06/2017,03:00:00,21198.969,21228.87,21127.97,21192.87,5.32986
04/06/2017,03:00:00,21192.87,21192.87,21192.87,21192.87,0
05/06/2017,03:00:00,21198.97,21221.469,21166.47,21181.97,2.26864
06/06/2017,03:00:00,21154.27,21177.47,21116.969,21142.17,4.33591
07/06/2017,03:00:00,21164.67,21187.47,21107.97,21165.969,4.74332
08/06/2017,03:00:00,21180.969,21267.47,21136.67,21180.469,4.1381
09/06/2017,03:00:00,21192.97,21302.77,21156.17,21256.469,7.74137
11/06/2017,03:00:00,21256.469,21256.469,21256.469,21256.469,0
12/06/2017,03:00:00,21226.47,21276.97,21185.669,21235.169,37.62751
13/06/2017,03:00:00,21247.57,21331.67,21240.97,21323.469,48.62576
14/06/2017,03:00:00,21311.469,21389.17,21289.67,21369.969,127.52589
15/06/2017,03:00:00,21339.969,21362.67,21256.469,21354.67,141.94255
16/06/2017,03:00:00,21387.97,21406.97,21305.67,21375.97,41.91304
18/06/2017,03:00:00,21375.97,21375.97,21375.97,21375.97,0
19/06/2017,03:00:00,21411.97,21525.67,21410.969,21520.669,12.02887
20/06/2017,03:00:00,21528.47,21533.47,21464.669,21471.17,39.41158
21/06/2017,03:00:00,21468.97,21497.37,21389.669,21413.669,68.19841
22/06/2017,03:00:00,21420.97,21454.669,21390.969,21399.669,36.71297
23/06/2017,03:00:00,21413.969,21423.57,21329.669,21395.17,34.57793
25/06/2017,03:00:00,21395.17,21395.17,21395.17,21395.17,0
26/06/2017,03:00:00,21406.47,21501.67,21376.669,21411.669,39.19428
27/06/2017,03:00:00,21409.47,21439.669,21316.669,21320.669,53.30811
28/06/2017,03:00:00,21329.469,21479.669,21302.27,21448.169,38.71541
29/06/2017,03:00:00,21489.97,21505.07,21192.469,21287.17,72.94393
30/06/2017,03:00:00,21326.469,21426.67,21285.97,21355.17,68.23589
02/07/2017,03:00:00,21355.17,21355.17,21355.17,21355.17,0
03/07/2017,03:00:00,21389.969,21559.67,21386.97,21545.67,16.08104
04/07/2017,03:00:00,21471.97,21530.069,21454.469,21480.77,6.64955
05/07/2017,03:00:00,21501.469,21512.07,21399.469,21472.969,38.44941
06/07/2017,03:00:00,21463.57,21470.47,21298.97,21318.97,36.21132
07/07/2017,03:00:00,21330.469,21422.97,21310.969,21411.169,77.33584
09/07/2017,03:00:00,21411.169,21411.169,21411.169,21411.169,0
10/07/2017,03:00:00,21436.47,21444.15,21361.97,21409.67,47.97604
11/07/2017,03:00:00,21432.469,21440.67,21275.65,21410.47,41.58745
12/07/2017,03:00:00,21417.969,21577.469,21410.469,21536.169,22.42616
13/07/2017,03:00:00,21540.969,21564.97,21505.969,21549.969,23.2394
14/07/2017,03:00:00,21560.369,21681.669,21523.47,21636.969,23.4507
16/07/2017,03:00:00,21636.969,21636.969,21636.969,21636.969,0
17/07/2017,03:00:00,21650.97,21674.569,21612.969,21632.669,17.73083
18/07/2017,03:00:00,21629.969,21655.57,21463.969,21577.669,31.75338
19/07/2017,03:00:00,21568.47,21634.67,21546.469,21631.67,16.6932
20/07/2017,03:00:00,21640.469,21672.07,21572.97,21616.67,22.21497
21/07/2017,03:00:00,21619.47,21638.069,21500.669,21577.67,19.16705
23/07/2017,03:00:00,21577.67,21577.67,21577.67,21577.67,0
24/07/2017,03:00:00,21554.97,21579.07,21483.97,21523.469,16.19602
25/07/2017,03:00:00,21543.47,21686.07,21525.969,21610.669,38.29882
26/07/2017,03:00:00,21612.469,21738.67,21599.47,21706.669,19.697
27/07/2017,03:00:00,21713.169,21788.97,21679.969,21783.969,16.33344
28/07/2017,03:00:00,21753.469,21829.37,21738.97,21818.969,16.56301
30/07/2017,03:00:00,21818.969,21818.969,21818.969,21818.969,0
31/07/2017,03:00:00,21821.669,21926.67,21820.469,21900.67,51.58783
01/08/2017,03:00:00,21975.369,22018.67,21943.669,21962.67,51.21887
02/08/2017,03:00:00,22000.97,22034.67,21965.97,22008.669,45.95798
03/08/2017,03:00:00,22001.469,22042.17,21980.969,22022.67,84.27144
04/08/2017,03:00:00,22038.47,22101.47,22024.969,22082.469,12.22262
06/08/2017,03:00:00,22082.469,22082.469,22082.469,22082.469,0
07/08/2017,03:00:00,22118.37,22123.37,22081.769,22117.669,6.75167
08/08/2017,03:00:00,22104.47,22179.45,22056.169,22084.97,124.07898
09/08/2017,03:00:00,22045.469,22060.07,21994.969,22047.67,103.08276
10/08/2017,03:00:00,22012.469,22027.969,21842.469,21851.969,207.97256
11/08/2017,03:00:00,21860.469,21910.67,21813.969,21855.87,134.28519
13/08/2017,03:00:00,21855.87,21855.87,21855.87,21855.87,0
14/08/2017,03:00:00,21936.869,22010.469,21932.869,21976.97,2.51768
15/08/2017,03:00:00,22036.17,22042.97,21967.369,22000.969,2.5311
16/08/2017,03:00:00,21991.67,22075.97,21991.669,22016.469,3.24684
17/08/2017,03:00:00,22015.07,22034.769,21748.469,21751.869,5.53119
18/08/2017,03:00:00,21763.469,21787.47,21637.969,21674.969,5.45934
20/08/2017,03:00:00,21674.969,21674.969,21674.969,21674.969,0
21/08/2017,03:00:00,21675.969,21716.17,21597.969,21705.969,22.80878
22/08/2017,03:00:00,21755.369,21908.17,21729.469,21892.67,3.05076
23/08/2017,03:00:00,21881.169,21889.97,21798.969,21812.27,3.8797
24/08/2017,03:00:00,21795.469,21876.27,21759.969,21779.969,3.70395
25/08/2017,03:00:00,21812.769,21904.969,21768.47,21816.769,4.3487
27/08/2017,03:00:00,21816.769,21816.769,21816.769,21816.769,0
28/08/2017,03:00:00,21790.469,21870.97,21762.969,21802.969,3.269
29/08/2017,03:00:00,21714.47,21874.969,21645.47,21866.269,5.1101
30/08/2017,03:00:00,21889.27,21941.969,21830.469,21886.969,3.7092
31/08/2017,03:00:00,21908.469,21986.469,21897.47,21951.97,3.00642
01/09/2017,03:00:00,21980.069,22037.969,21974.969,21982.969,2.5333
03/09/2017,03:00:00,21982.969,21982.969,21982.969,21982.969,0
04/09/2017,03:00:00,21914.969,21944.97,21898.969,21930.97,0.78389
05/09/2017,03:00:00,21935.47,21948.97,21705.47,21752.969,4.94811
06/09/2017,03:00:00,21774.669,21846.97,21749.469,21811.469,4.19339
07/09/2017,03:00:00,21775.969,21846.97,21740.47,21782.969,3.8297
08/09/2017,03:00:00,21752.169,21841.37,21710.97,21793.97,2.83038
10/09/2017,03:00:00,21793.97,21793.97,21793.97,21793.97,0
11/09/2017,03:00:00,21932.469,22067.969,21918.469,22057.47,1.7737
12/09/2017,03:00:00,22074.67,22137.97,22072.67,22117.97,2.2661
13/09/2017,03:00:00,22113.47,22157.97,22091.969,22156.469,2.412
14/09/2017,03:00:00,22132.87,22211.47,22107.07,22205.369,3.37661
15/09/2017,03:00:00,22206.97,22268.47,22186.47,22262.97,2.61255
17/09/2017,03:00:00,22262.97,22262.97,22262.97,22262.97,0
18/09/2017,03:00:00,22334.769,22358.47,22285.469,22336.97,2.0726
19/09/2017,03:00:00,22358.269,22386.07,22342.47,22377.67,2.62473
20/09/2017,03:00:00,22379.069,22416.67,22318.569,22415.069,2.9482
21/09/2017,03:00:00,22405.969,22414.469,22358.469,22363.869,2.57445
22/09/2017,03:00:00,22325.469,22365.969,22301.969,22343.469,2.6648
24/09/2017,03:00:00,22343.469,22343.469,22343.469,22343.469,0
25/09/2017,03:00:00,22329.97,22359.269,22216.469,22296.969,3.0846
26/09/2017,03:00:00,22297.469,22364.969,22276.869,22284.97,2.04508
27/09/2017,03:00:00,22307.97,22369.47,22251.969,22336.969,2.73611
28/09/2017,03:00:00,22349.869,22388.97,22280.97,22371.369,2.27673
29/09/2017,03:00:00,22373.969,22397.97,22329.469,22391.469,1.9611
01/10/2017,03:00:00,22391.469,22391.469,22391.469,22391.469,0
02/10/2017,03:00:00,22428.97,22548.47,22416.969,22547.47,2.00233
03/10/2017,03:00:00,22601.37,22644.47,22579.869,22641.969,1.47554
04/10/2017,03:00:00,22656.97,22684.17,22633.469,22658.57,1.77896
05/10/2017,03:00:00,22651.969,22770.67,22650.469,22769.97,2.2056
06/10/2017,03:00:00,22778.97,22785.469,22727.47,22764.47,2.19988
08/10/2017,03:00:00,22764.47,22764.47,22764.47,22764.47,0
09/10/2017,03:00:00,22762.07,22798.969,22735.969,22754.469,1.7186
10/10/2017,03:00:00,22788.47,22846.57,22765.969,22831.069,2.2737
11/10/2017,03:00:00,22839.569,22866.569,22806.27,22865.569,1.73331
12/10/2017,03:00:00,22859.969,22882.57,22819.97,22839.969,1.5678
13/10/2017,03:00:00,22859.47,22902.469,22846.47,22877.969,1.8307
15/10/2017,03:00:00,22877.969,22877.969,22877.969,22877.969,0
16/10/2017,03:00:00,22897.469,22955.57,22884.469,22948.969,1.7202
17/10/2017,03:00:00,22959.87,22996.47,22946.87,22988.469,1.7094
18/10/2017,03:00:00,23030.97,23171.67,23026.969,23155.67,20.6382
19/10/2017,03:00:00,23155.47,23164.669,23000.57,23163.669,44.51471
20/10/2017,03:00:00,23234.469,23324.669,23200.669,23323.67,29.98178
22/10/2017,03:00:00,23323.67,23323.67,23323.67,23323.67,0
23/10/2017,03:00:00,23332.47,23368.069,23275.169,23278.67,30.04978
24/10/2017,03:00:00,23314.469,23485.67,23298.569,23440.669,36.83453
25/10/2017,03:00:00,23433.469,23462.07,23249.67,23329.669,55.07789
26/10/2017,03:00:00,23346.47,23450.67,23337.069,23405.669,42.26683
27/10/2017,03:00:00,23406.469,23457.07,23349.169,23432.67,44.33435
29/10/2017,03:00:00,23432.67,23432.67,23432.67,23432.67,0
30/10/2017,02:00:00,23403.97,23428.17,23328.669,23347.67,36.11916
31/10/2017,02:00:00,23353.469,23405.67,23334.669,23375.67,27.1264
01/11/2017,02:00:00,23435.47,23517.07,23385.67,23433.67,44.82241
02/11/2017,02:00:00,23404.47,23530.67,23343.67,23512.669,50.55405
03/11/2017,02:00:00,23531.47,23552.67,23475.669,23535.67,34.48307
05/11/2017,02:00:00,23535.67,23535.67,23535.67,23535.67,0
06/11/2017,02:00:00,23516.469,23573.67,23503.47,23551.169,26.21705
07/11/2017,02:00:00,23615.47,23616.47,23483.669,23553.169,39.97608
08/11/2017,02:00:00,23544.469,23575.17,23511.669,23559.669,33.90953
09/11/2017,02:00:00,23525.47,23541.47,23307.67,23462.17,86.62424
10/11/2017,02:00:00,23449.469,23462.57,23377.069,23425.169,51.51017
12/11/2017,02:00:00,23425.169,23425.169,23425.169,23425.169,0
13/11/2017,02:00:00,23439.47,23457.67,23327.569,23443.67,38.67827
14/11/2017,02:00:00,23429.47,23461.07,23269.669,23407.17,46.31251
15/11/2017,02:00:00,23343.47,23348.47,23241.669,23274.67,55.90822
16/11/2017,02:00:00,23347.969,23489.67,23320.069,23455.67,43.75046
17/11/2017,02:00:00,23430.47,23453.07,23351.669,23358.67,55.61033
19/11/2017,02:00:00,23358.67,23358.67,23358.67,23358.67,0
20/11/2017,02:00:00,23291.47,23455.67,23289.969,23430.669,43.73033
21/11/2017,02:00:00,23421.469,23616.67,23405.469,23589.669,47.34938
22/11/2017,02:00:00,23600.47,23625.07,23503.669,23527.67,37.29757
23/11/2017,02:00:00,23516.469,23537.07,23460.57,23528.17,19.16436
24/11/2017,02:00:00,23542.47,23598.67,23512.069,23547.169,26.69826
26/11/2017,02:00:00,23547.169,23547.169,23547.169,23547.169,0
27/11/2017,02:00:00,23525.47,23638.67,23519.07,23580.669,42.35253
28/11/2017,02:00:00,23588.469,23850.67,23588.469,23838.669,51.36779
29/11/2017,02:00:00,23844.47,23959.67,23840.469,23938.669,62.68281
30/11/2017,02:00:00,23954.469,24326.67,23951.469,24260.669,66.5182
01/12/2017,02:00:00,24271.47,24322.67,23922.169,24228.669,115.65813
03/12/2017,02:00:00,24228.669,24228.669,24228.669,24228.669,0
04/12/2017,02:00:00,24442.47,24533.669,24288.669,24289.669,91.58079
05/12/2017,02:00:00,24369.47,24384.569,24154.169,24178.67,87.33712
06/12/2017,02:00:00,24120.469,24230.67,24081.469,24144.669,79.80576
07/12/2017,02:00:00,24175.469,24258.169,24069.069,24208.17,73.84492
08/12/2017,02:00:00,24251.47,24329.67,24223.169,24327.669,53.97686
10/12/2017,02:00:00,24327.669,24327.669,24327.669,24327.669,0
11/12/2017,02:00:00,24349.47,24389.67,24314.669,24385.669,44.6675
12/12/2017,02:00:00,24405.469,24552.67,24394.069,24508.669,51.36011
13/12/2017,02:00:00,24511.469,24666.67,24502.469,24593.67,59.78159
14/12/2017,02:00:00,24647.469,24677.07,24512.669,24518.669,65.31691
15/12/2017,02:00:00,24577.47,24684.669,24562.069,24638.67,58.3401
17/12/2017,02:00:00,24638.67,24638.67,24638.67,24638.67,0
18/12/2017,02:00:00,24766.969,24873.67,24751.469,24801.17,54.73784
19/12/2017,02:00:00,24823.47,24873.07,24713.669,24756.169,50.88078
20/12/2017,02:00:00,24803.97,24863.07,24691.669,24729.669,61.71425
21/12/2017,02:00:00,24727.47,24846.67,24702.069,24787.669,43.51417
22/12/2017,02:00:00,24793.469,24807.07,24722.669,24767.669,38.33089
24/12/2017,02:00:00,24767.669,24767.669,24767.669,24767.669,0
25/12/2017,02:00:00,24767.669,24767.669,24767.669,24767.669,0
26/12/2017,02:00:00,24744.469,24780.669,24699.069,24754.669,27.66697
27/12/2017,02:00:00,24753.469,24787.669,24734.17,24766.669,37.07008
28/12/2017,02:00:00,24783.469,24833.669,24774.67,24829.669,28.01317
29/12/2017,02:00:00,24844.469,24899.07,24743.669,24760.669,40.83679
31/12/2017,02:00:00,24760.669,24760.669,24760.669,24760.669,0
01/01/2018,02:00:00,24760.669,24760.669,24760.669,24760.669,0
02/01/2018,02:00:00,24791.969,24876.07,24740.669,24821.169,47.57017
03/01/2018,02:00:00,24830.469,24938.67,24825.469,24919.169,41.45885
04/01/2018,02:00:00,24956.97,25105.67,24946.469,25074.669,49.81033
05/01/2018,02:00:00,25109.47,25297.67,25104.469,25286.67,51.81447
07/01/2018,02:00:00,25286.67,25286.67,25286.67,25286.67,0
08/01/2018,02:00:00,25357.47,25374.07,25235.669,25278.17,49.23379
09/01/2018,02:00:00,25291.47,25439.669,25283.97,25391.67,49.3122
10/01/2018,02:00:00,25386.469,25403.67,25246.569,25371.169,70.69962
11/01/2018,02:00:00,25402.469,25574.169,25377.069,25570.669,49.50921
12/01/2018,02:00:00,25599.469,25808.67,25599.469,25801.669,60.44825
14/01/2018,02:00:00,25801.669,25801.669,25801.669,25801.669,0
15/01/2018,02:00:00,25903.469,26001.67,25893.469,25961.67,24.51163
16/01/2018,02:00:00,26016.97,26086.67,25703.67,25799.669,100.05297
17/01/2018,02:00:00,25892.469,26131.669,25867.669,26118.17,75.93602
18/01/2018,02:00:00,26131.47,26146.07,25944.669,26026.669,81.61638
19/01/2018,02:00:00,25935.47,26069.67,25927.97,26067.669,71.16611
21/01/2018,02:00:00,26067.669,26067.669,26067.669,26067.669,0
22/01/2018,02:00:00,26014.97,26216.669,25969.069,26212.169,57.66803
23/01/2018,02:00:00,26290.469,26321.47,26143.67,26210.669,72.09561
24/01/2018,02:00:00,26239.469,26390.67,26093.669,26266.669,86.25773
25/01/2018,02:00:00,26285.469,26454.67,26240.469,26390.17,79.64938
26/01/2018,02:00:00,26416.97,26611.669,26415.469,26611.669,56.68338
28/01/2018,02:00:00,26611.669,26611.669,26611.669,26611.669,0
29/01/2018,02:00:00,26647.97,26660.47,26436.67,26439.169,77.8606
30/01/2018,02:00:00,26309.969,26327.07,26026.669,26078.669,123.82252
31/01/2018,02:00:00,26118.469,26329.169,26047.169,26156.669,113.08934
01/02/2018,02:00:00,26216.47,26298.669,25941.07,26179.67,119.66345
02/02/2018,02:00:00,26158.969,26160.97,25485.669,25502.169,160.72595
04/02/2018,02:00:00,25502.169,25502.169,25502.169,25502.169,0
05/02/2018,02:00:00,25367.97,25519.169,23706.17,24338.17,197.94736
06/02/2018,02:00:00,23658.469,24946.169,23544.069,24923.169,235.301
07/02/2018,02:00:00,24673.469,25297.169,24561.57,24889.169,190.7685
08/02/2018,02:00:00,24825.469,24959.07,23838.669,23849.17,162.29268
09/02/2018,02:00:00,24122.97,24382.169,23359.67,24192.169,189.19638
11/02/2018,02:00:00,24192.169,24192.169,24192.169,24192.169,0
12/02/2018,02:00:00,24365.97,24764.169,24258.57,24599.17,126.15738
13/02/2018,02:00:00,24500.469,24710.669,24403.07,24641.169,107.06906
14/02/2018,02:00:00,24731.47,24928.17,24319.069,24901.169,115.69769
15/02/2018,02:00:00,24984.469,25201.669,24804.169,25201.669,107.94789
16/02/2018,02:00:00,25286.97,25433.17,25122.069,25216.17,110.37442
18/02/2018,02:00:00,25216.17,25216.17,25216.17,25216.17,0
19/02/2018,02:00:00,25324.469,25332.47,25065.67,25185.17,32.81258
20/02/2018,02:00:00,25191.97,25202.469,24879.669,24957.669,118.78133
21/02/2018,02:00:00,24974.47,25267.67,24790.67,24793.17,107.34463
22/02/2018,02:00:00,24696.47,25157.669,24637.469,24961.669,118.13847
23/02/2018,02:00:00,25193.969,25315.67,25025.669,25314.169,94.40156
25/02/2018,02:00:00,25314.169,25314.169,25314.169,25314.169,0
26/02/2018,02:00:00,25426.47,25732.669,25425.469,25705.669,88.03916
27/02/2018,02:00:00,25709.97,25798.67,25409.669,25411.669,119.73498
28/02/2018,02:00:00,25421.969,25574.67,25023.17,25023.17,118.76267
01/03/2018,02:00:00,25058.97,25184.169,24438.169,24603.17,165.65723
02/03/2018,02:00:00,24590.47,24628.57,24210.17,24533.169,147.64714
04/03/2018,02:00:00,24533.169,24533.169,24533.169,24533.169,0
05/03/2018,02:00:00,24420.97,24961.669,24320.469,24883.669,117.26789
06/03/2018,02:00:00,24951.469,25055.069,24705.669,24884.67,110.25233
07/03/2018,02:00:00,24490.969,24849.67,24476.969,24806.169,118.8239
08/03/2018,02:00:00,24817.469,24950.67,24699.67,24893.169,94.61568
09/03/2018,02:00:00,24882.47,25335.169,24837.569,25332.67,68.21305
11/03/2018,02:00:00,25332.67,25332.67,25332.67,25332.67,0
12/03/2018,02:00:00,25442.469,25500.069,25148.669,25181.17,77.85734
13/03/2018,02:00:00,25239.47,25374.67,24942.169,25000.669,96.11716
14/03/2018,02:00:00,24994.47,25145.07,24661.17,24754.17,112.3314
15/03/2018,02:00:00,24841.969,25055.67,24751.67,24877.669,87.8176
16/03/2018,02:00:00,24879.969,25028.67,24841.069,24926.67,74.59003
18/03/2018,02:00:00,24926.67,24926.67,24926.67,24926.67,0
19/03/2018,02:00:00,24883.469,24901.07,24451.669,24609.67,123.60303
20/03/2018,02:00:00,24708.969,24805.669,24597.569,24731.17,91.5454
21/03/2018,02:00:00,24768.969,24984.17,24650.669,24681.67,172.8985
22/03/2018,02:00:00,24745.97,24749.47,23932.669,23960.169,400.71024
23/03/2018,02:00:00,23798.469,24110.17,23505.669,23528.669,539.88184
25/03/2018,02:00:00,23528.669,23528.669,23528.669,23528.669,0
26/03/2018,03:00:00,23780.97,24233.169,23739.169,24202.17,299.69443
27/03/2018,03:00:00,24322.969,24448.67,23704.67,23858.169,438.12585
28/03/2018,03:00:00,23862.969,24093.67,23726.669,23846.669,515.5584
29/03/2018,03:00:00,23879.469,24312.67,23878.069,24158.17,341.7686
30/03/2018,03:00:00,24158.17,24158.17,24158.17,24158.17,0
01/04/2018,03:00:00,24158.17,24158.17,24158.17,24158.17,0
02/04/2018,03:00:00,24087.47,24123.669,23338.17,23640.17,319.6768
03/04/2018,03:00:00,23606.47,24044.67,23595.47,24032.169,335.9503
04/04/2018,03:00:00,23941.97,24308.17,23396.07,24265.17,365.02936
05/04/2018,03:00:00,24317.97,24624.169,24297.07,24503.669,372.37878
06/04/2018,03:00:00,24211.469,24438.17,23735.67,23929.67,645.8726
08/04/2018,03:00:00,23929.67,23929.67,23929.67,23929.67,0
09/04/2018,03:00:00,24102.97,24374.169,23954.67,23981.67,486.4764
10/04/2018,03:00:00,24322.469,24508.67,24228.669,24408.17,496.00443
11/04/2018,03:00:00,24306.47,24365.67,24090.57,24190.17,392.69537
12/04/2018,03:00:00,24229.47,24590.67,24171.569,24422.969,352.9071
13/04/2018,03:00:00,24426.97,24658.57,24242.17,24368.17,320.9853
15/04/2018,03:00:00,24522.469,24580.969,24511.97,24529.47,8.80136
16/04/2018,03:00:00,24529.47,24673.669,24415.57,24598.469,299.03967
17/04/2018,03:00:00,24599.469,24860.169,24597.97,24762.969,290.64545
18/04/2018,03:00:00,24762.969,24842.07,24718.67,24795.97,246.73814
19/04/2018,03:00:00,24796.97,24814.97,24550.67,24656.97,323.25702
20/04/2018,03:00:00,24657.47,24697.97,24373.67,24472.169,370.67538
22/04/2018,03:00:00,24577.969,24578.97,24488.469,24526.47,11.52804
23/04/2018,03:00:00,24526.47,24555.47,24326.669,24495.969,238.50298
24/04/2018,03:00:00,24495.969,24636.07,23824.67,24057.97,210.50279
25/04/2018,03:00:00,24057.969,24176.969,23824.669,24159.469,293.4258
26/04/2018,03:00:00,24162.97,24402.17,24053.069,24313.969,399.6306