11/02/2010,00:00,3034,3125,3032,3116,105
12/02/2010,00:00,3114,3134,3045,3103,168
16/02/2010,00:00,3134,3169,3127,3163,56
17/02/2010,00:00,3145,3175,3062,3094,176
18/02/2010,00:00,3096,3135,3072,3091,122
19/02/2010,00:00,3071,3125,3062,3109,89
22/02/2010,00:00,3105,3150,3042,3083,195
23/02/2010,00:00,3091,3099,2931,2945,191
24/02/2010,00:00,2955,2971,2904,2967,123
25/02/2010,00:00,2967,2970,2903,2922,90
26/02/2010,00:00,2936,2951,2908,2917,68
01/03/2010,00:00,2909,2931,2831,2862,154
02/03/2010,00:00,2862,2864,2809,2829,78
03/03/2010,00:00,2832,2844,2780,2823,120
04/03/2010,00:00,2826,2867,2810,2829,112
05/03/2010,00:00,2830,2887,2818,2865,104
08/03/2010,00:00,2870,2882,2818,2834,93
09/03/2010,00:00,2828,2829,2766,2802,101
10/03/2010,00:00,2797,2860,2754,2844,166
11/03/2010,00:00,2844,2865,2834,2854,53
12/03/2010,00:00,2852,2929,2818,2920,155
15/03/2010,00:00,2920,2920,2828,2866,131
16/03/2010,00:00,2857,2889,2745,2848,280
17/03/2010,00:00,2858,2941,2855,2905,126
18/03/2010,00:00,2908,2963,2873,2893,166
19/03/2010,00:00,2882,2913,2804,2834,171
22/03/2010,00:00,2844,2898,2782,2873,204
23/03/2010,00:00,2880,2935,2857,2895,142
24/03/2010,00:00,2886,2886,2804,2833,112
25/03/2010,00:00,2833,2854,2782,2820,132
26/03/2010,00:00,2820,2872,2796,2854,119
29/03/2010,00:00,2854,2932,2854,2925,86
30/03/2010,00:00,2925,2980,2925,2969,67
31/03/2010,00:00,2960,2991,2891,2969,192
01/04/2010,00:00,2964,3000,2941,2990,93
05/04/2010,00:00,3013,3019,2959,2986,94
06/04/2010,00:00,3000,3010,2890,2945,186
07/04/2010,00:00,2923,2930,2874,2882,72
08/04/2010,00:00,2882,2920,2859,2889,116
09/04/2010,00:00,2900,2918,2861,2877,92
12/04/2010,00:00,2877,2943,2867,2930,100
13/04/2010,00:00,2929,2941,2835,2881,165
14/04/2010,00:00,2881,2909,2875,2898,52
15/04/2010,00:00,2898,2905,2842,2890,119
16/04/2010,00:00,2911,2994,2902,2988,108
19/04/2010,00:00,2955,2980,2928,2950,100
20/04/2010,00:00,2965,3060,2958,3044,126
21/04/2010,00:00,3045,3095,3021,3087,107
22/04/2010,00:00,3087,3146,3059,3139,123
23/04/2010,00:00,3139,3211,3120,3198,124
26/04/2010,00:00,3198,3235,3180,3228,81
27/04/2010,00:00,3223,3242,3190,3205,87
28/04/2010,00:00,3194,3220,3176,3193,88
29/04/2010,00:00,3200,3215,3192,3211,36
30/04/2010,00:00,3212,3245,3208,3239,48
03/05/2010,00:00,3223,3245,3203,3233,75
04/05/2010,00:00,3233,3243,3135,3172,156
05/05/2010,00:00,3174,3237,3150,3203,146
06/05/2010,00:00,3210,3224,3150,3203,142
07/05/2010,00:00,3149,3169,3010,3016,186
10/05/2010,00:00,3050,3113,3050,3077,100
11/05/2010,00:00,3077,3080,2936,2951,163
12/05/2010,00:00,2951,3000,2943,2972,94
13/05/2010,00:00,2955,2970,2898,2913,103
14/05/2010,00:00,2908,2912,2806,2812,117
17/05/2010,00:00,2812,2824,2767,2814,113
18/05/2010,00:00,2834,2855,2804,2849,88
19/05/2010,00:00,2807,2842,2791,2830,80
20/05/2010,00:00,2830,2852,2790,2839,116
21/05/2010,00:00,2839,2899,2811,2895,121
24/05/2010,00:00,2881,2919,2855,2915,95
25/05/2010,00:00,2886,2938,2874,2922,93
26/05/2010,00:00,2926,2943,2869,2904,127
27/05/2010,00:00,2920,3018,2899,2973,186
28/05/2010,00:00,2984,3001,2946,2965,92
01/06/2010,00:00,2959,3000,2889,2990,192
02/06/2010,00:00,2976,3050,2972,3042,91
03/06/2010,00:00,3049,3065,3039,3048,52
04/06/2010,00:00,3070,3088,2915,2940,217
07/06/2010,00:00,2922,2973,2922,2944,81
08/06/2010,00:00,2956,2984,2949,2981,46
09/06/2010,00:00,2972,3010,2961,2992,79
10/06/2010,00:00,2993,3022,2911,2941,171
11/06/2010,00:00,2941,3020,2925,2937,187
14/06/2010,00:00,2954,3002,2952,2973,82
15/06/2010,00:00,2973,2995,2945,2969,97
16/06/2010,00:00,2969,2982,2953,2955,45
17/06/2010,00:00,2975,2975,2935,2954,60
18/06/2010,00:00,2954,2985,2921,2957,126
21/06/2010,00:00,2965,3000,2958,2985,65
22/06/2010,00:00,2977,3086,2918,3055,259
23/06/2010,00:00,3055,3070,3011,3063,111
24/06/2010,00:00,3060,3121,3051,3114,87
25/06/2010,00:00,3114,3130,3064,3113,132
28/06/2010,00:00,3118,3144,3106,3138,57
29/06/2010,00:00,3113,3135,2924,2979,289
30/06/2010,00:00,2994,3010,2938,2944,95
01/07/2010,00:00,2945,3057,2939,3041,141
02/07/2010,00:00,3030,3043,2960,2971,108
06/07/2010,00:00,2992,3010,2939,2967,118
07/07/2010,00:00,2952,3003,2940,2981,98
08/07/2010,00:00,2969,2998,2957,2969,83
09/07/2010,00:00,2969,3025,2965,2996,94
12/07/2010,00:00,2984,3013,2960,2989,102
13/07/2010,00:00,2986,3052,2986,3045,74
14/07/2010,00:00,3055,3164,3055,3153,121
15/07/2010,00:00,3152,3160,3116,3144,81
16/07/2010,00:00,3155,3210,3138,3165,135
19/07/2010,00:00,3180,3185,2946,2981,280
20/07/2010,00:00,2997,3025,2932,2977,167
21/07/2010,00:00,2995,3007,2924,2935,107
22/07/2010,00:00,2943,2970,2902,2916,110
23/07/2010,00:00,2932,2973,2916,2966,81
26/07/2010,00:00,2959,3007,2945,2973,111
27/07/2010,00:00,2965,3026,2954,2980,130
28/07/2010,00:00,3002,3024,2983,3010,75
29/07/2010,00:00,3011,3064,2996,3046,102
30/07/2010,00:00,3036,3095,3028,3091,80
02/08/2010,00:00,3081,3108,3040,3082,136
03/08/2010,00:00,3082,3112,3046,3058,109
04/08/2010,00:00,3073,3169,3066,3118,162
05/08/2010,00:00,3141,3180,3116,3138,126
06/08/2010,00:00,3144,3153,3005,3035,188
09/08/2010,00:00,3048,3054,2988,3039,124
10/08/2010,00:00,3014,3014,2907,2930,131
11/08/2010,00:00,2910,2958,2863,2881,162
12/08/2010,00:00,2864,2925,2864,2904,83
13/08/2010,00:00,2900,2910,2872,2885,62
16/08/2010,00:00,2885,2916,2853,2889,123
17/08/2010,00:00,2917,2919,2865,2898,90
18/08/2010,00:00,2895,2919,2870,2891,95
19/08/2010,00:00,2900,2911,2871,2892,73
20/08/2010,00:00,2901,2902,2811,2827,109
23/08/2010,00:00,2836,2862,2815,2834,93
24/08/2010,00:00,2829,2843,2776,2812,118
25/08/2010,00:00,2802,2810,2742,2752,87
26/08/2010,00:00,2773,2783,2734,2740,66
27/08/2010,00:00,2747,2755,2708,2718,66
30/08/2010,00:00,2721,2746,2705,2714,76
31/08/2010,00:00,2720,2779,2681,2736,181
01/09/2010,00:00,2738,2766,2707,2752,105
02/09/2010,00:00,2734,2754,2723,2735,62
03/09/2010,00:00,2735,2808,2729,2772,122
07/09/2010,00:00,2767,2792,2714,2722,112
08/09/2010,00:00,2722,2754,2693,2736,109
09/09/2010,00:00,2754,2762,2682,2694,101
10/09/2010,00:00,2714,2718,2615,2647,140
13/09/2010,00:00,2647,2650,2595,2610,74
14/09/2010,00:00,2620,2693,2620,2679,88
15/09/2010,00:00,2661,2697,2655,2689,57
16/09/2010,00:00,2694,2784,2694,2739,136
17/09/2010,00:00,2760,2825,2725,2746,187
20/09/2010,00:00,2737,2769,2695,2716,128
21/09/2010,00:00,2716,2796,2682,2779,166
22/09/2010,00:00,2776,2834,2746,2762,163
23/09/2010,00:00,2756,2799,2751,2780,73
24/09/2010,00:00,2775,2823,2768,2794,92
27/09/2010,00:00,2829,2850,2791,2839,109
28/09/2010,00:00,2832,2844,2800,2817,74
29/09/2010,00:00,2806,2880,2806,2865,90
30/09/2010,00:00,2875,2888,2636,2814,444
01/10/2010,00:00,2831,2896,2763,2783,219
04/10/2010,00:00,2771,2784,2731,2736,72
05/10/2010,00:00,2753,2763,2700,2714,88
06/10/2010,00:00,2729,2752,2714,2744,62
07/10/2010,00:00,2746,2795,2736,2740,113
08/10/2010,00:00,2753,2826,2718,2803,167
11/10/2010,00:00,2803,2873,2798,2853,101
12/10/2010,00:00,2859,2887,2817,2850,132
13/10/2010,00:00,2865,2904,2860,2867,87
14/10/2010,00:00,2867,2884,2823,2880,110
15/10/2010,00:00,2875,2900,2794,2805,143
18/10/2010,00:00,2798,2839,2780,2794,115
19/10/2010,00:00,2793,2794,2725,2750,96
20/10/2010,00:00,2747,2800,2735,2777,101
21/10/2010,00:00,2750,2861,2745,2817,166
22/10/2010,00:00,2817,2878,2812,2846,104
25/10/2010,00:00,2866,2937,2861,2930,89
26/10/2010,00:00,2923,2945,2881,2889,95
27/10/2010,00:00,2889,2949,2850,2883,193
28/10/2010,00:00,2878,2908,2807,2845,170
29/10/2010,00:00,2817,2843,2780,2797,107
01/11/2010,00:00,2805,2813,2756,2759,69
02/11/2010,00:00,2762,2808,2762,2805,50
03/11/2010,00:00,2842,2861,2793,2799,94
04/11/2010,00:00,2820,2850,2788,2798,103
05/11/2010,00:00,2798,2798,2746,2774,81
08/11/2010,00:00,2777,2845,2729,2828,182
09/11/2010,00:00,2845,2910,2837,2884,108
10/11/2010,00:00,2887,2901,2836,2855,99
11/11/2010,00:00,2871,2898,2836,2866,120
12/11/2010,00:00,2855,2855,2772,2779,91
15/11/2010,00:00,2772,2830,2763,2822,85
16/11/2010,00:00,2806,2817,2753,2782,105
17/11/2010,00:00,2790,2861,2773,2837,130
18/11/2010,00:00,2855,2949,2855,2939,105
19/11/2010,00:00,2933,2942,2849,2868,122
22/11/2010,00:00,2882,2895,2830,2839,88
23/11/2010,00:00,2848,2864,2802,2804,81
24/11/2010,00:00,2819,2833,2781,2793,79
26/11/2010,00:00,2783,2808,2764,2794,78
29/11/2010,00:00,2830,2846,2751,2755,116
30/11/2010,00:00,2774,2844,2751,2807,154
01/12/2010,00:00,2827,2834,2743,2758,114
02/12/2010,00:00,2752,2920,2752,2868,221
03/12/2010,00:00,2890,2947,2863,2935,124
06/12/2010,00:00,2929,3084,2915,3065,203
07/12/2010,00:00,3088,3140,3057,3084,163
08/12/2010,00:00,3070,3097,3031,3035,98
09/12/2010,00:00,3050,3069,2989,3010,121
10/12/2010,00:00,3012,3014,2866,2887,172
13/12/2010,00:00,2881,2918,2854,2890,120
14/12/2010,00:00,2890,2952,2865,2940,125
15/12/2010,00:00,2950,2990,2927,2979,98
16/12/2010,00:00,2990,3045,2971,3003,136
17/12/2010,00:00,3004,3025,2933,2951,132
20/12/2010,00:00,2982,3025,2928,2958,171
21/12/2010,00:00,2958,2996,2950,2975,76
22/12/2010,00:00,2980,2993,2946,2970,85
23/12/2010,00:00,2985,3040,2984,3020,78
27/12/2010,00:00,3020,3050,3006,3040,69
28/12/2010,00:00,3040,3091,3038,3065,82
29/12/2010,00:00,3065,3068,2969,3065,199
30/12/2010,00:00,3053,3058,2995,3000,74
31/12/2010,00:00,3030,3048,2988,3035,116
04/01/2011,00:00,3027,3035,2906,2932,164
05/01/2011,00:00,2925,2929,2822,2852,142
06/01/2011,00:00,2852,2876,2826,2830,79
07/01/2011,00:00,2825,2888,2821,2850,110
10/01/2011,00:00,2830,2887,2823,2881,78
11/01/2011,00:00,2865,2943,2855,2934,108
12/01/2011,00:00,2936,2985,2934,2959,80
13/01/2011,00:00,2947,2985,2924,2952,118
14/01/2011,00:00,2970,3050,2938,3019,176
18/01/2011,00:00,3039,3067,2995,3036,142
19/01/2011,00:00,3029,3112,3018,3100,118
20/01/2011,00:00,3091,3190,3090,3178,114
21/01/2011,00:00,3193,3250,3157,3184,178
24/01/2011,00:00,3250,3393,3244,3312,237
25/01/2011,00:00,3333,3375,3270,3335,209
26/01/2011,00:00,3351,3395,3319,3352,152
27/01/2011,00:00,3352,3420,3334,3358,167
28/01/2011,00:00,3353,3358,3256,3277,129
31/01/2011,00:00,3267,3365,3224,3352,198
01/02/2011,00:00,3352,3369,3280,3313,140
02/02/2011,00:00,3380,3380,3326,3352,81
03/02/2011,00:00,3374,3385,3349,3363,62
04/02/2011,00:00,3369,3369,3250,3264,134
07/02/2011,00:00,3280,3288,3199,3239,138
08/02/2011,00:00,3238,3275,3220,3260,89
09/02/2011,00:00,3240,3327,3226,3283,160
10/02/2011,00:00,3325,3431,3283,3373,249
11/02/2011,00:00,3373,3397,3334,3371,125
14/02/2011,00:00,3403,3444,3392,3406,102
15/02/2011,00:00,3406,3434,3346,3368,139
16/02/2011,00:00,3404,3432,3350,3421,148
17/02/2011,00:00,3435,3455,3408,3438,92
18/02/2011,00:00,3422,3511,3422,3499,102
22/02/2011,00:00,3520,3608,3509,3586,133
23/02/2011,00:00,3587,3641,3536,3631,167
24/02/2011,00:00,3641,3645,3562,3625,151
25/02/2011,00:00,3630,3669,3602,3639,126
28/02/2011,00:00,3660,3704,3646,3695,82
01/03/2011,00:00,3695,3712,3400,3620,550
02/03/2011,00:00,3623,3690,3578,3664,184
03/03/2011,00:00,3664,3760,3663,3733,126
04/03/2011,00:00,3750,3775,3613,3657,232
07/03/2011,00:00,3657,3699,3612,3662,170
08/03/2011,00:00,3670,3734,3614,3633,204
09/03/2011,00:00,3633,3633,3508,3527,145
10/03/2011,00:00,3499,3510,3328,3445,311
11/03/2011,00:00,3445,3446,3370,3412,120
14/03/2011,00:00,3427,3497,3350,3389,257
15/03/2011,00:00,3330,3346,3200,3255,218
16/03/2011,00:00,3262,3325,3170,3215,264
17/03/2011,00:00,3225,3311,3200,3282,166
18/03/2011,00:00,3315,3342,3095,3127,307
21/03/2011,00:00,3120,3220,3103,3189,166
22/03/2011,00:00,3150,3265,3150,3263,118
23/03/2011,00:00,3255,3290,3233,3251,111
24/03/2011,00:00,3236,3240,3176,3203,96
25/03/2011,00:00,3222,3290,3199,3242,163
28/03/2011,00:00,3201,3274,3201,3248,100
29/03/2011,00:00,3241,3248,3030,3057,253
30/03/2011,00:00,3028,3077,2973,2987,168
31/03/2011,00:00,2977,3009,2936,2952,122
01/04/2011,00:00,2938,3035,2925,3011,148
04/04/2011,00:00,3011,3099,2994,3020,202
05/04/2011,00:00,2990,3010,2945,2993,128
06/04/2011,00:00,3005,3049,2979,3014,132
07/04/2011,00:00,3014,3038,2994,3002,77
08/04/2011,00:00,3001,3018,2947,2985,127
11/04/2011,00:00,3001,3079,2993,3028,146
12/04/2011,00:00,3023,3086,3021,3056,98
13/04/2011,00:00,3076,3095,3049,3070,87
14/04/2011,00:00,3088,3157,3054,3127,168
15/04/2011,00:00,3127,3175,3112,3157,97
18/04/2011,00:00,3157,3175,3026,3057,199
19/04/2011,00:00,3034,3087,3020,3067,102
20/04/2011,00:00,3086,3130,3055,3106,131
21/04/2011,00:00,3070,3120,3060,3088,103
25/04/2011,00:00,3088,3116,3036,3060,133
26/04/2011,00:00,3064,3099,3053,3093,64
27/04/2011,00:00,3093,3200,3073,3168,180
28/04/2011,00:00,3188,3299,3170,3280,167
29/04/2011,00:00,3282,3348,3270,3340,99
02/05/2011,00:00,3335,3339,3243,3291,149
03/05/2011,00:00,3263,3290,3211,3271,151
04/05/2011,00:00,3270,3330,3158,3211,286
05/05/2011,00:00,3176,3177,3050,3055,134
06/05/2011,00:00,3051,3105,3016,3082,148
09/05/2011,00:00,3081,3152,3071,3082,162
10/05/2011,00:00,3082,3126,3071,3105,88
11/05/2011,00:00,3119,3172,3069,3118,206
12/05/2011,00:00,3101,3109,2994,3037,167
13/05/2011,00:00,3044,3066,2990,3002,111
16/05/2011,00:00,3000,3036,2990,3006,87
17/05/2011,00:00,3000,3006,2970,2980,53
18/05/2011,00:00,2983,3024,2976,2995,85
19/05/2011,00:00,2991,2997,2971,2979,41
20/05/2011,00:00,2981,2993,2898,2902,112
23/05/2011,00:00,2888,2906,2861,2865,68
24/05/2011,00:00,2878,2923,2860,2884,121
25/05/2011,00:00,2875,2986,2874,2962,138
26/05/2011,00:00,2982,3062,2964,3010,169
27/05/2011,00:00,3010,3040,2957,2969,126
31/05/2011,00:00,2975,3020,2966,2999,85
01/06/2011,00:00,3000,3007,2941,2953,86
02/06/2011,00:00,2953,2959,2885,2904,100
03/06/2011,00:00,2900,2905,2851,2878,87
06/06/2011,00:00,2890,2920,2872,2879,86
07/06/2011,00:00,2881,2964,2879,2901,151
08/06/2011,00:00,2902,2938,2892,2921,74
09/06/2011,00:00,2929,3050,2928,2970,204
10/06/2011,00:00,3000,3011,2970,2982,65
13/06/2011,00:00,2992,3009,2925,2968,145
14/06/2011,00:00,2963,3020,2960,2994,90
15/06/2011,00:00,3010,3014,2934,2975,126
16/06/2011,00:00,2941,2955,2883,2886,90
17/06/2011,00:00,2886,2923,2886,2917,44
20/06/2011,00:00,2916,2981,2881,2968,149
21/06/2011,00:00,2979,3045,2979,3026,86
22/06/2011,00:00,3031,3058,2984,3041,139
23/06/2011,00:00,3041,3069,2961,2987,163
24/06/2011,00:00,2994,3018,2950,2964,107
27/06/2011,00:00,2965,3011,2950,3000,88
28/06/2011,00:00,3005,3075,2976,3023,181
29/06/2011,00:00,3053,3125,3046,3119,93
30/06/2011,00:00,3119,3161,3104,3151,83
01/07/2011,00:00,3141,3168,3111,3155,101
05/07/2011,00:00,3155,3231,3152,3227,87
06/07/2011,00:00,3225,3248,3172,3188,116
07/07/2011,00:00,3192,3202,3119,3186,161
08/07/2011,00:00,3196,3210,3083,3091,150
11/07/2011,00:00,3080,3089,3044,3050,61
12/07/2011,00:00,3050,3067,3005,3051,124
13/07/2011,00:00,3069,3186,3055,3170,162
14/07/2011,00:00,3177,3220,3126,3156,168
15/07/2011,00:00,3144,3188,3128,3168,97
18/07/2011,00:00,3159,3197,3117,3159,161
19/07/2011,00:00,3170,3200,3134,3164,127
20/07/2011,00:00,3164,3220,3155,3183,112
21/07/2011,00:00,3167,3200,3143,3172,110
22/07/2011,00:00,3172,3177,3045,3065,158
25/07/2011,00:00,3065,3065,2973,2996,116
26/07/2011,00:00,2989,3040,2983,3015,89
27/07/2011,00:00,3012,3055,2981,3036,125
28/07/2011,00:00,3033,3048,2972,2974,94
29/07/2011,00:00,2972,3003,2956,2974,93
01/08/2011,00:00,2974,2984,2946,2955,58
02/08/2011,00:00,2952,2953,2925,2933,38
03/08/2011,00:00,2969,2994,2948,2952,76
04/08/2011,00:00,2956,2972,2912,2941,106
05/08/2011,00:00,2937,3040,2908,2975,227
08/08/2011,00:00,2970,2989,2928,2945,98
09/08/2011,00:00,2945,2991,2936,2943,109
10/08/2011,00:00,2935,2976,2857,2871,175
11/08/2011,00:00,2871,2898,2846,2886,90
12/08/2011,00:00,2895,2923,2883,2907,69
15/08/2011,00:00,2911,2951,2911,2931,61
16/08/2011,00:00,2935,3004,2913,2989,129
17/08/2011,00:00,2999,3057,2975,3039,125
18/08/2011,00:00,3034,3038,2948,2985,132
19/08/2011,00:00,2979,3013,2950,3004,102
22/08/2011,00:00,3008,3053,3004,3045,62
23/08/2011,00:00,3053,3145,3053,3141,97
24/08/2011,00:00,3135,3150,3063,3088,128
25/08/2011,00:00,3080,3094,3007,3027,122
26/08/2011,00:00,3045,3091,3042,3075,69
29/08/2011,00:00,3090,3142,3088,3135,64
30/08/2011,00:00,3131,3145,3051,3102,160
31/08/2011,00:00,3100,3145,3099,3113,80
01/09/2011,00:00,3123,3127,3058,3075,91
02/09/2011,00:00,3084,3125,3069,3098,99
06/09/2011,00:00,3067,3082,2980,2988,126
07/09/2011,00:00,2990,3000,2935,2954,95
08/09/2011,00:00,2940,2949,2907,2911,56
09/09/2011,00:00,2924,2929,2858,2873,92
12/09/2011,00:00,2865,2885,2855,2863,59
13/09/2011,00:00,2870,2887,2858,2865,54
14/09/2011,00:00,2865,2888,2807,2810,108
15/09/2011,00:00,2805,2821,2787,2791,55
16/09/2011,00:00,2796,2808,2780,2792,53
19/09/2011,00:00,2778,2787,2691,2716,131
20/09/2011,00:00,2727,2753,2716,2730,72
21/09/2011,00:00,2731,2744,2662,2727,161
22/09/2011,00:00,2707,2719,2623,2680,166
23/09/2011,00:00,2700,2709,2613,2634,127
26/09/2011,00:00,2626,2696,2610,2678,121
27/09/2011,00:00,2672,2737,2650,2721,126
28/09/2011,00:00,2708,2708,2630,2664,113
29/09/2011,00:00,2645,2708,2620,2694,128
30/09/2011,00:00,2698,2698,2587,2608,133
03/10/2011,00:00,2600,2608,2555,2575,82
04/10/2011,00:00,2554,2619,2540,2592,121
05/10/2011,00:00,2604,2646,2604,2622,67
06/10/2011,00:00,2631,2685,2610,2660,122
07/10/2011,00:00,2683,2691,2628,2652,96
10/10/2011,00:00,2655,2703,2650,2656,106
11/10/2011,00:00,2656,2668,2580,2604,125
12/10/2011,00:00,2596,2674,2596,2633,120
13/10/2011,00:00,2640,2690,2621,2630,129
14/10/2011,00:00,2647,2688,2623,2671,107
17/10/2011,00:00,2684,2688,2596,2622,123
18/10/2011,00:00,2590,2607,2523,2571,150
19/10/2011,00:00,2600,2648,2574,2603,146
20/10/2011,00:00,2590,2611,2545,2562,105
21/10/2011,00:00,2577,2594,2553,2566,72
24/10/2011,00:00,2566,2632,2558,2627,88
25/10/2011,00:00,2632,2674,2613,2636,119
26/10/2011,00:00,2652,2720,2649,2693,102
27/10/2011,00:00,2707,2767,2701,2756,84
28/10/2011,00:00,2756,2764,2710,2748,101
31/10/2011,00:00,2724,2734,2670,2696,101
01/11/2011,00:00,2667,2667,2574,2600,120
02/11/2011,00:00,2642,2693,2629,2688,83
03/11/2011,00:00,2660,2752,2654,2739,118
04/11/2011,00:00,2751,2763,2711,2731,85
07/11/2011,00:00,2746,2764,2727,2750,71
08/11/2011,00:00,2748,2760,2665,2689,132
09/11/2011,00:00,2695,2705,2586,2603,147
10/11/2011,00:00,2598,2618,2548,2559,102
11/11/2011,00:00,2559,2588,2544,2559,89
14/11/2011,00:00,2581,2585,2515,2555,115
15/11/2011,00:00,2567,2580,2520,2537,91
16/11/2011,00:00,2536,2551,2505,2536,93
17/11/2011,00:00,2535,2540,2490,2505,71
18/11/2011,00:00,2505,2512,2440,2458,98
21/11/2011,00:00,2440,2440,2403,2414,49
22/11/2011,00:00,2418,2466,2395,2421,140
23/11/2011,00:00,2405,2439,2398,2404,82
25/11/2011,00:00,2406,2411,2378,2381,42
28/11/2011,00:00,2385,2429,2351,2364,136
29/11/2011,00:00,2356,2366,2287,2320,123
30/11/2011,00:00,2320,2358,2259,2305,184
01/12/2011,00:00,2305,2324,2275,2287,81
02/12/2011,00:00,2295,2311,2218,2228,120
05/12/2011,00:00,2228,2249,2196,2206,85
06/12/2011,00:00,2200,2216,2161,2168,79
07/12/2011,00:00,2178,2211,2137,2142,113
08/12/2011,00:00,2140,2154,2078,2131,144
09/12/2011,00:00,2128,2154,2053,2067,142
12/12/2011,00:00,2057,2246,1983,2181,403
13/12/2011,00:00,2182,2265,2175,2243,120
14/12/2011,00:00,2256,2274,2155,2180,163
15/12/2011,00:00,2192,2210,2128,2151,124
16/12/2011,00:00,2157,2177,2095,2101,109
19/12/2011,00:00,2090,2130,2065,2070,111
20/12/2011,00:00,2082,2191,2077,2185,126
21/12/2011,00:00,2192,2247,2173,2244,97
22/12/2011,00:00,2235,2253,2192,2221,109
23/12/2011,00:00,2210,2239,2199,2218,73
27/12/2011,00:00,2200,2245,2186,2216,103
28/12/2011,00:00,2213,2231,2118,2133,147
29/12/2011,00:00,2123,2145,2076,2083,99
30/12/2011,00:00,2082,2145,2073,2109,118
03/01/2012,00:00,2122,2179,2100,2115,152
04/01/2012,00:00,2111,2141,2068,2075,111
05/01/2012,00:00,2067,2115,2016,2028,160
06/01/2012,00:00,2016,2068,2003,2028,119
09/01/2012,00:00,2028,2199,2023,2170,211
10/01/2012,00:00,2188,2369,2180,2333,234
11/01/2012,00:00,2350,2388,2240,2350,297
12/01/2012,00:00,2350,2376,2307,2326,115
13/01/2012,00:00,2300,2300,2233,2269,104
17/01/2012,00:00,2266,2287,2230,2270,111
18/01/2012,00:00,2280,2298,2259,2265,64
19/01/2012,00:00,2293,2350,2282,2320,110
20/01/2012,00:00,2311,2333,2255,2259,105
23/01/2012,00:00,2263,2297,2244,2269,101
24/01/2012,00:00,2269,2425,2257,2413,193
25/01/2012,00:00,2410,2456,2389,2422,123
26/01/2012,00:00,2428,2474,2427,2452,71
27/01/2012,00:00,2452,2480,2361,2406,193
30/01/2012,00:00,2359,2359,2274,2280,92
31/01/2012,00:00,2280,2340,2277,2291,116
01/02/2012,00:00,2291,2328,2220,2225,151
02/02/2012,00:00,2234,2255,2210,2225,82
03/02/2012,00:00,2235,2339,2213,2300,188
06/02/2012,00:00,2317,2332,2237,2263,137
07/02/2012,00:00,2293,2303,2257,2291,91
08/02/2012,00:00,2302,2316,2261,2278,87
09/02/2012,00:00,2271,2277,2203,2244,122
10/02/2012,00:00,2226,2234,2144,2161,116
13/02/2012,00:00,2160,2224,2150,2192,117
14/02/2012,00:00,2198,2322,2165,2270,243
15/02/2012,00:00,2318,2410,2276,2391,196
16/02/2012,00:00,2391,2420,2323,2405,181
17/02/2012,00:00,2382,2390,2317,2345,110
21/02/2012,00:00,2345,2447,2345,2424,126
22/02/2012,00:00,2431,2454,2400,2438,102
23/02/2012,00:00,2446,2467,2307,2344,219
24/02/2012,00:00,2346,2400,2333,2357,124
27/02/2012,00:00,2352,2445,2343,2400,157
28/02/2012,00:00,2425,2454,2346,2370,162
29/02/2012,00:00,2371,2385,2301,2334,132
01/03/2012,00:00,2334,2377,2311,2366,101
02/03/2012,00:00,2366,2388,2326,2334,93
05/03/2012,00:00,2328,2341,2273,2283,92
06/03/2012,00:00,2290,2318,2263,2283,104
07/03/2012,00:00,2292,2317,2260,2277,100
08/03/2012,00:00,2278,2404,2278,2395,136
09/03/2012,00:00,2375,2425,2361,2410,94
12/03/2012,00:00,2370,2426,2360,2383,120
13/03/2012,00:00,2383,2395,2336,2372,108
14/03/2012,00:00,2369,2379,2280,2314,144
15/03/2012,00:00,2310,2310,2177,2221,178
16/03/2012,00:00,2221,2270,2169,2256,168
19/03/2012,00:00,2256,2304,2242,2289,92
20/03/2012,00:00,2298,2388,2285,2372,133
21/03/2012,00:00,2371,2416,2327,2359,167
22/03/2012,00:00,2340,2354,2279,2285,96
23/03/2012,00:00,2309,2320,2271,2307,97
26/03/2012,00:00,2304,2344,2290,2331,82
27/03/2012,00:00,2329,2384,2321,2356,100
28/03/2012,00:00,2332,2375,2285,2295,144
29/03/2012,00:00,2291,2297,2194,2223,139
30/03/2012,00:00,2223,2258,2196,2219,121
02/04/2012,00:00,2223,2274,2162,2187,189
03/04/2012,00:00,2177,2188,2138,2143,67
04/04/2012,00:00,2129,2139,2060,2083,113
05/04/2012,00:00,2111,2150,2094,2108,110
09/04/2012,00:00,2108,2127,2082,2118,81
10/04/2012,00:00,2125,2133,2058,2070,96
11/04/2012,00:00,2060,2128,2056,2104,101
12/04/2012,00:00,2111,2154,2060,2143,157
13/04/2012,00:00,2143,2217,2143,2200,92
16/04/2012,00:00,2182,2242,2162,2226,117
17/04/2012,00:00,2226,2292,2218,2281,94
18/04/2012,00:00,2291,2293,2232,2257,89
19/04/2012,00:00,2256,2260,2200,2234,99
20/04/2012,00:00,2218,2279,2200,2269,108
23/04/2012,00:00,2269,2278,2183,2204,126
24/04/2012,00:00,2204,2312,2192,2284,161
25/04/2012,00:00,2284,2305,2231,2251,116
26/04/2012,00:00,2251,2289,2242,2272,74
27/04/2012,00:00,2272,2316,2246,2309,104
30/04/2012,00:00,2309,2333,2146,2219,285
01/05/2012,00:00,2209,2356,2193,2319,217
02/05/2012,00:00,2325,2354,2313,2342,66
03/05/2012,00:00,2335,2360,2272,2307,149
04/05/2012,00:00,2307,2341,2272,2289,121
07/05/2012,00:00,2280,2363,2251,2357,148
08/05/2012,00:00,2338,2350,2288,2326,113
09/05/2012,00:00,2327,2339,2284,2334,104
10/05/2012,00:00,2334,2352,2305,2338,91
11/05/2012,00:00,2319,2330,2291,2319,79
14/05/2012,00:00,2303,2303,2220,2261,125
15/05/2012,00:00,2241,2282,2234,2268,70
16/05/2012,00:00,2239,2299,2227,2292,92
17/05/2012,00:00,2282,2289,2220,2224,81
18/05/2012,00:00,2222,2286,2221,2273,80
21/05/2012,00:00,2270,2275,2225,2238,69
22/05/2012,00:00,2237,2255,2163,2179,127
23/05/2012,00:00,2165,2172,2100,2124,104
24/05/2012,00:00,2108,2128,2094,2105,66
25/05/2012,00:00,2119,2133,2092,2110,74
29/05/2012,00:00,2105,2156,2096,2110,116
30/05/2012,00:00,2105,2105,2047,2070,82
31/05/2012,00:00,2071,2110,2070,2083,69
01/06/2012,00:00,2069,2086,2026,2063,115
04/06/2012,00:00,2060,2100,2026,2094,115
05/06/2012,00:00,2090,2169,2073,2163,120
06/06/2012,00:00,2159,2220,2133,2203,131
07/06/2012,00:00,2186,2229,2179,2208,79
08/06/2012,00:00,2185,2218,2161,2185,115
11/06/2012,00:00,2190,2230,2166,2178,117
12/06/2012,00:00,2178,2255,2170,2231,118
13/06/2012,00:00,2231,2266,2217,2259,71
14/06/2012,00:00,2259,2269,2212,2263,111
15/06/2012,00:00,2265,2271,2240,2247,45
18/06/2012,00:00,2245,2266,2175,2189,127
19/06/2012,00:00,2190,2245,2182,2235,82
20/06/2012,00:00,2228,2242,2145,2169,136
21/06/2012,00:00,2174,2209,2137,2147,118
22/06/2012,00:00,2140,2160,2092,2102,99
25/06/2012,00:00,2108,2118,2085,2102,61
26/06/2012,00:00,2118,2165,2118,2149,64
27/06/2012,00:00,2141,2254,2141,2232,136
28/06/2012,00:00,2227,2250,2208,2230,82
29/06/2012,00:00,2250,2307,2229,2291,116
02/07/2012,00:00,2291,2311,2261,2290,100
03/07/2012,00:00,2296,2358,2296,2350,71
05/07/2012,00:00,2328,2375,2304,2328,143
06/07/2012,00:00,2325,2325,2233,2252,112
09/07/2012,00:00,2255,2340,2252,2319,113
10/07/2012,00:00,2318,2333,2270,2307,116
11/07/2012,00:00,2297,2348,2270,2292,152
12/07/2012,00:00,2250,2250,2174,2189,92
13/07/2012,00:00,2189,2242,2176,2216,106
16/07/2012,00:00,2217,2236,2176,2197,101
17/07/2012,00:00,2208,2220,2159,2195,110
18/07/2012,00:00,2207,2217,2169,2204,94
19/07/2012,00:00,2215,2285,2215,2230,126
20/07/2012,00:00,2227,2257,2217,2229,79
23/07/2012,00:00,2229,2270,2188,2238,156
24/07/2012,00:00,2260,2278,2202,2209,102
25/07/2012,00:00,2241,2255,2195,2230,110
26/07/2012,00:00,2230,2330,2215,2316,145
27/07/2012,00:00,2309,2352,2297,2330,90
30/07/2012,00:00,2330,2356,2320,2341,62
31/07/2012,00:00,2331,2387,2312,2376,106
01/08/2012,00:00,2390,2409,2370,2401,68
02/08/2012,00:00,2384,2404,2357,2369,80
03/08/2012,00:00,2378,2444,2376,2411,104
06/08/2012,00:00,2396,2414,2364,2409,88
07/08/2012,00:00,2409,2457,2409,2450,56
08/08/2012,00:00,2443,2481,2439,2469,59
09/08/2012,00:00,2469,2488,2425,2477,119
10/08/2012,00:00,2466,2488,2442,2458,85
13/08/2012,00:00,2449,2501,2378,2399,197
14/08/2012,00:00,2398,2481,2397,2441,126
15/08/2012,00:00,2441,2467,2420,2436,90
16/08/2012,00:00,2436,2447,2393,2400,73
17/08/2012,00:00,2415,2478,2403,2442,124
20/08/2012,00:00,2442,2463,2383,2408,127
21/08/2012,00:00,2408,2453,2394,2433,94
22/08/2012,00:00,2431,2440,2369,2380,92
23/08/2012,00:00,2380,2428,2370,2385,112
24/08/2012,00:00,2385,2408,2366,2397,73
27/08/2012,00:00,2400,2498,2400,2473,124
28/08/2012,00:00,2473,2590,2442,2568,202
29/08/2012,00:00,2568,2600,2560,2574,75
30/08/2012,00:00,2574,2620,2566,2601,82
31/08/2012,00:00,2613,2647,2588,2610,116
04/09/2012,00:00,2590,2594,2531,2551,88
05/09/2012,00:00,2563,2675,2559,2654,142
06/09/2012,00:00,2656,2707,2656,2691,68
07/09/2012,00:00,2700,2705,2665,2676,57
10/09/2012,00:00,2659,2670,2582,2653,171
11/09/2012,00:00,2653,2679,2598,2632,142
12/09/2012,00:00,2626,2655,2588,2631,130
13/09/2012,00:00,2646,2654,2598,2613,80
14/09/2012,00:00,2627,2674,2617,2642,100
17/09/2012,00:00,2641,2649,2551,2584,140
18/09/2012,00:00,2572,2572,2519,2532,67
19/09/2012,00:00,2558,2563,2523,2538,61
20/09/2012,00:00,2551,2555,2506,2519,67
21/09/2012,00:00,2533,2541,2501,2521,69
24/09/2012,00:00,2526,2530,2441,2446,99
25/09/2012,00:00,2461,2511,2439,2483,123
26/09/2012,00:00,2483,2507,2460,2469,81
27/09/2012,00:00,2475,2500,2456,2482,82
28/09/2012,00:00,2495,2595,2493,2516,184
01/10/2012,00:00,2500,2513,2435,2450,107
02/10/2012,00:00,2438,2481,2412,2475,102
03/10/2012,00:00,2465,2479,2400,2416,110
04/10/2012,00:00,2421,2446,2386,2395,95
05/10/2012,00:00,2407,2420,2375,2382,66
08/10/2012,00:00,2382,2391,2363,2381,56
09/10/2012,00:00,2394,2453,2388,2417,108
10/10/2012,00:00,2408,2427,2366,2372,87
11/10/2012,00:00,2374,2394,2341,2351,84
12/10/2012,00:00,2341,2379,2338,2366,58
15/10/2012,00:00,2359,2366,2342,2354,44
16/10/2012,00:00,2354,2434,2347,2418,111
17/10/2012,00:00,2401,2428,2374,2385,93
18/10/2012,00:00,2385,2448,2377,2438,90
19/10/2012,00:00,2445,2498,2445,2489,63
22/10/2012,00:00,2475,2526,2460,2516,92
23/10/2012,00:00,2500,2518,2474,2498,87
24/10/2012,00:00,2493,2495,2389,2399,119
25/10/2012,00:00,2405,2425,2376,2402,96
26/10/2012,00:00,2405,2425,2379,2383,71
29/10/2012,00:00,2398,2401,2343,2350,69
30/10/2012,00:00,2355,2457,2353,2390,174
31/10/2012,00:00,2383,2417,2364,2388,102
01/11/2012,00:00,2388,2426,2377,2420,67
02/11/2012,00:00,2420,2450,2408,2447,58
05/11/2012,00:00,2427,2460,2423,2444,58
06/11/2012,00:00,2445,2473,2442,2466,42
07/11/2012,00:00,2466,2475,2393,2399,98
08/11/2012,00:00,2406,2408,2327,2340,97
09/11/2012,00:00,2345,2370,2322,2359,83
12/11/2012,00:00,2359,2380,2328,2375,89
13/11/2012,00:00,2369,2398,2356,2387,67
14/11/2012,00:00,2383,2469,2371,2457,123
15/11/2012,00:00,2450,2488,2441,2483,62
16/11/2012,00:00,2465,2480,2384,2398,126
19/11/2012,00:00,2400,2430,2392,2421,56
20/11/2012,00:00,2422,2473,2421,2456,71
21/11/2012,00:00,2441,2479,2432,2476,60
23/11/2012,00:00,2470,2520,2455,2516,85
26/11/2012,00:00,2519,2519,2445,2478,108
27/11/2012,00:00,2480,2499,2430,2447,106
28/11/2012,00:00,2460,2470,2428,2458,83
29/11/2012,00:00,2461,2518,2461,2491,85
30/11/2012,00:00,2490,2505,2450,2498,103
03/12/2012,00:00,2490,2555,2479,2519,124
04/12/2012,00:00,2510,2519,2431,2444,111
05/12/2012,00:00,2452,2466,2415,2420,71
06/12/2012,00:00,2420,2433,2398,2420,71
07/12/2012,00:00,2420,2432,2387,2412,83
10/12/2012,00:00,2402,2407,2372,2379,48
11/12/2012,00:00,2386,2394,2369,2380,45
12/12/2012,00:00,2389,2453,2377,2441,101
13/12/2012,00:00,2440,2444,2395,2422,81
14/12/2012,00:00,2422,2447,2412,2435,58
17/12/2012,00:00,2435,2443,2403,2425,71
18/12/2012,00:00,2420,2420,2387,2397,44
19/12/2012,00:00,2401,2408,2345,2358,84
20/12/2012,00:00,2359,2371,2311,2328,90
21/12/2012,00:00,2328,2357,2305,2312,89
24/12/2012,00:00,2304,2310,2270,2273,50
26/12/2012,00:00,2273,2280,2261,2263,29
27/12/2012,00:00,2273,2289,2250,2255,61
28/12/2012,00:00,2257,2275,2246,2249,51
31/12/2012,00:00,2251,2259,2207,2236,90
02/01/2013,00:00,2246,2269,2237,2259,52
03/01/2013,00:00,2250,2280,2245,2256,65
04/01/2013,00:00,2256,2256,2210,2220,57
07/01/2013,00:00,2220,2274,2213,2267,76
08/01/2013,00:00,2267,2276,2206,2215,89
09/01/2013,00:00,2218,2238,2208,2223,56
10/01/2013,00:00,2223,2275,2223,2269,59
11/01/2013,00:00,2265,2274,2246,2256,48
14/01/2013,00:00,2256,2296,2230,2267,122
15/01/2013,00:00,2254,2285,2232,2270,91
16/01/2013,00:00,2250,2268,2244,2256,43
17/01/2013,00:00,2255,2310,2250,2300,76
18/01/2013,00:00,2296,2313,2277,2285,62
22/01/2013,00:00,2287,2289,2207,2213,91
23/01/2013,00:00,2216,2234,2191,2215,86
24/01/2013,00:00,2219,2226,2178,2195,73
25/01/2013,00:00,2205,2207,2165,2173,53
28/01/2013,00:00,2173,2183,2157,2161,41
29/01/2013,00:00,2172,2201,2165,2195,50
30/01/2013,00:00,2193,2207,2155,2179,91
31/01/2013,00:00,2188,2214,2180,2205,52
01/02/2013,00:00,2201,2217,2188,2205,55
04/02/2013,00:00,2205,2212,2181,2192,50
05/02/2013,00:00,2190,2249,2189,2246,65
06/02/2013,00:00,2249,2254,2213,2227,61
07/02/2013,00:00,2227,2260,2218,2236,76
08/02/2013,00:00,2229,2248,2219,2227,57
11/02/2013,00:00,2227,2227,2166,2172,68
12/02/2013,00:00,2172,2182,2147,2170,69
13/02/2013,00:00,2175,2190,2153,2170,70
14/02/2013,00:00,2171,2176,2149,2156,40
15/02/2013,00:00,2156,2159,2135,2144,37
19/02/2013,00:00,2144,2150,2117,2119,42
20/02/2013,00:00,2129,2134,2105,2113,43
21/02/2013,00:00,2105,2143,2102,2133,55
22/02/2013,00:00,2135,2156,2128,2139,53
25/02/2013,00:00,2132,2156,2129,2143,44
26/02/2013,00:00,2140,2146,2108,2125,62
27/02/2013,00:00,2118,2144,2111,2131,54
28/02/2013,00:00,2124,2146,2116,2135,50
01/03/2013,00:00,2132,2139,2075,2082,79
04/03/2013,00:00,2085,2085,2053,2056,36
05/03/2013,00:00,2061,2082,2056,2059,51
06/03/2013,00:00,2054,2060,2038,2042,33
07/03/2013,00:00,2042,2073,2034,2062,59
08/03/2013,00:00,2067,2130,2067,2120,74
11/03/2013,00:00,2120,2139,2106,2130,57
12/03/2013,00:00,2134,2176,2132,2158,65
13/03/2013,00:00,2155,2176,2127,2147,91
14/03/2013,00:00,2147,2157,2116,2130,66
15/03/2013,00:00,2125,2150,2106,2115,79
18/03/2013,00:00,2100,2109,2075,2088,57
19/03/2013,00:00,2093,2119,2086,2099,61
20/03/2013,00:00,2100,2157,2095,2152,73
21/03/2013,00:00,2152,2186,2149,2166,61
22/03/2013,00:00,2166,2185,2149,2159,66
25/03/2013,00:00,2159,2179,2124,2130,82
26/03/2013,00:00,2132,2171,2132,2146,65
27/03/2013,00:00,2145,2158,2130,2150,52
28/03/2013,00:00,2143,2195,2142,2170,80
01/04/2013,00:00,2170,2198,2169,2184,45
02/04/2013,00:00,2184,2194,2168,2171,40
03/04/2013,00:00,2165,2179,2130,2150,84
04/04/2013,00:00,2136,2149,2111,2141,72
05/04/2013,00:00,2139,2141,2122,2132,32
08/04/2013,00:00,2153,2213,2143,2206,88
09/04/2013,00:00,2204,2237,2195,2233,56
10/04/2013,00:00,2229,2239,2215,2231,47
11/04/2013,00:00,2225,2259,2223,2245,53
12/04/2013,00:00,2221,2276,2220,2268,66
15/04/2013,00:00,2268,2275,2254,2267,42
16/04/2013,00:00,2265,2318,2257,2316,72
17/04/2013,00:00,2316,2337,2299,2317,76
18/04/2013,00:00,2310,2334,2294,2319,72
19/04/2013,00:00,2336,2348,2322,2333,50
22/04/2013,00:00,2331,2343,2303,2310,60
23/04/2013,00:00,2310,2355,2307,2327,80
24/04/2013,00:00,2317,2342,2309,2326,58
25/04/2013,00:00,2317,2373,2317,2360,70
26/04/2013,00:00,2365,2375,2330,2364,90
29/04/2013,00:00,2360,2372,2322,2335,76
30/04/2013,00:00,2335,2373,2320,2368,74
01/05/2013,00:00,2374,2421,2360,2415,82
02/05/2013,00:00,2415,2427,2401,2414,52
03/05/2013,00:00,2406,2437,2401,2416,63
06/05/2013,00:00,2412,2415,2385,2402,51
07/05/2013,00:00,2392,2420,2388,2396,61
08/05/2013,00:00,2390,2410,2362,2391,96
09/05/2013,00:00,2400,2408,2335,2349,96
10/05/2013,00:00,2340,2340,2298,2300,45
13/05/2013,00:00,2295,2342,2286,2326,82
14/05/2013,00:00,2334,2360,2318,2353,66
15/05/2013,00:00,2353,2364,2335,2344,50
16/05/2013,00:00,2352,2352,2292,2294,63
17/05/2013,00:00,2295,2317,2276,2300,78
20/05/2013,00:00,2307,2314,2291,2301,41
21/05/2013,00:00,2304,2350,2292,2345,76
22/05/2013,00:00,2344,2347,2304,2317,60
23/05/2013,00:00,2310,2334,2261,2283,120
24/05/2013,00:00,2266,2270,2244,2246,33
28/05/2013,00:00,2246,2262,2201,2205,82
29/05/2013,00:00,2206,2219,2191,2210,53
30/05/2013,00:00,2208,2228,2196,2211,62
31/05/2013,00:00,2211,2218,2189,2191,39
03/06/2013,00:00,2191,2256,2191,2246,76
04/06/2013,00:00,2246,2286,2234,2283,68
05/06/2013,00:00,2283,2312,2280,2308,40
06/06/2013,00:00,2303,2373,2298,2363,91
07/06/2013,00:00,2365,2374,2331,2368,84
10/06/2013,00:00,2354,2373,2347,2368,39
11/06/2013,00:00,2358,2373,2348,2364,45
12/06/2013,00:00,2364,2384,2354,2378,47
13/06/2013,00:00,2370,2376,2303,2310,87
14/06/2013,00:00,2306,2310,2250,2253,68
17/06/2013,00:00,2250,2253,2203,2215,66
18/06/2013,00:00,2210,2227,2204,2210,47
19/06/2013,00:00,2221,2229,2210,2216,34
20/06/2013,00:00,2200,2200,2152,2157,54
21/06/2013,00:00,2160,2173,2145,2151,48
24/06/2013,00:00,2151,2160,2135,2149,49
25/06/2013,00:00,2150,2197,2136,2163,110
26/06/2013,00:00,2169,2198,2153,2165,87
27/06/2013,00:00,2179,2179,2138,2148,52
28/06/2013,00:00,2148,2175,2129,2164,77
01/07/2013,00:00,2167,2167,2138,2159,51
02/07/2013,00:00,2164,2180,2149,2178,49
03/07/2013,00:00,2176,2243,2175,2230,83
05/07/2013,00:00,2249,2250,2190,2204,76
08/07/2013,00:00,2197,2216,2165,2174,80
09/07/2013,00:00,2165,2203,2165,2186,56
10/07/2013,00:00,2173,2207,2173,2178,64
11/07/2013,00:00,2190,2241,2188,2239,58
12/07/2013,00:00,2230,2260,2230,2236,55
15/07/2013,00:00,2225,2239,2209,2221,57
16/07/2013,00:00,2234,2295,2234,2289,68
17/07/2013,00:00,2285,2327,2276,2300,88
18/07/2013,00:00,2300,2352,2296,2347,66
19/07/2013,00:00,2360,2377,2350,2364,51
22/07/2013,00:00,2352,2360,2333,2348,51
23/07/2013,00:00,2348,2374,2340,2359,58
24/07/2013,00:00,2349,2373,2324,2360,88
25/07/2013,00:00,2351,2381,2342,2347,75
26/07/2013,00:00,2337,2361,2330,2333,59
29/07/2013,00:00,2323,2326,2268,2280,74
30/07/2013,00:00,2269,2309,2263,2287,75
31/07/2013,00:00,2287,2303,2268,2298,60
01/08/2013,00:00,2299,2315,2291,2301,47
02/08/2013,00:00,2291,2309,2278,2291,63
05/08/2013,00:00,2297,2399,2297,2373,129
06/08/2013,00:00,2374,2394,2364,2387,48
07/08/2013,00:00,2387,2468,2375,2458,116
08/08/2013,00:00,2458,2525,2458,2479,114
09/08/2013,00:00,2484,2487,2451,2480,69
12/08/2013,00:00,2470,2504,2458,2499,64
13/08/2013,00:00,2499,2499,2437,2458,84
14/08/2013,00:00,2452,2512,2446,2495,90
15/08/2013,00:00,2495,2521,2471,2485,91
16/08/2013,00:00,2476,2510,2476,2495,50
19/08/2013,00:00,2485,2522,2455,2512,108
20/08/2013,00:00,2510,2547,2506,2520,73
21/08/2013,00:00,2501,2513,2430,2450,116
22/08/2013,00:00,2450,2478,2436,2454,81
23/08/2013,00:00,2449,2473,2446,2465,39
26/08/2013,00:00,2464,2488,2457,2481,46
27/08/2013,00:00,2481,2483,2442,2453,55
28/08/2013,00:00,2453,2508,2449,2498,74
29/08/2013,00:00,2501,2507,2453,2479,87
30/08/2013,00:00,2476,2481,2406,2436,111
03/09/2013,00:00,2429,2457,2411,2418,82
04/09/2013,00:00,2413,2501,2410,2496,100
05/09/2013,00:00,2500,2575,2492,2567,100
06/09/2013,00:00,2569,2583,2543,2564,76
09/09/2013,00:00,2555,2567,2535,2554,64
10/09/2013,00:00,2560,2578,2540,2570,67
11/09/2013,00:00,2574,2599,2536,2571,124
12/09/2013,00:00,2571,2597,2550,2591,75
13/09/2013,00:00,2595,2609,2576,2601,61
16/09/2013,00:00,2602,2642,2596,2636,59
17/09/2013,00:00,2640,2648,2600,2614,71
18/09/2013,00:00,2616,2630,2606,2623,42
19/09/2013,00:00,2630,2657,2605,2630,105
20/09/2013,00:00,2630,2630,2579,2608,81
23/09/2013,00:00,2608,2627,2598,2610,57
24/09/2013,00:00,2600,2610,2586,2603,46
25/09/2013,00:00,2608,2609,2561,2573,62
26/09/2013,00:00,2565,2611,2555,2597,81
27/09/2013,00:00,2605,2643,2602,2639,49
30/09/2013,00:00,2639,2646,2623,2640,46
01/10/2013,00:00,2644,2646,2620,2634,43
02/10/2013,00:00,2628,2640,2622,2632,33
03/10/2013,00:00,2632,2643,2561,2585,118
04/10/2013,00:00,2580,2627,2574,2611,76
07/10/2013,00:00,2621,2710,2618,2699,107
08/10/2013,00:00,2704,2731,2696,2718,57
09/10/2013,00:00,2730,2733,2693,2703,54
10/10/2013,00:00,2717,2735,2712,2729,35
11/10/2013,00:00,2735,2752,2722,2746,50
14/10/2013,00:00,2746,2757,2695,2713,92
15/10/2013,00:00,2713,2770,2709,2760,76
16/10/2013,00:00,2754,2763,2722,2747,76
17/10/2013,00:00,2751,2776,2748,2767,41
18/10/2013,00:00,2771,2771,2688,2721,117
21/10/2013,00:00,2715,2735,2692,2730,72
22/10/2013,00:00,2730,2780,2716,2769,90
23/10/2013,00:00,2763,2776,2709,2714,86
24/10/2013,00:00,2707,2719,2680,2686,58
25/10/2013,00:00,2683,2730,2673,2713,85
28/10/2013,00:00,2708,2716,2678,2684,53
29/10/2013,00:00,2684,2694,2653,2659,58
30/10/2013,00:00,2660,2671,2646,2660,51
31/10/2013,00:00,2662,2694,2650,2677,74
01/11/2013,00:00,2667,2668,2634,2651,53
04/11/2013,00:00,2662,2671,2642,2667,54
05/11/2013,00:00,2667,2754,2667,2745,97
06/11/2013,00:00,2745,2754,2729,2743,49
07/11/2013,00:00,2740,2745,2660,2693,124
08/11/2013,00:00,2693,2693,2669,2671,27
11/11/2013,00:00,2655,2668,2582,2601,119
12/11/2013,00:00,2601,2630,2576,2622,88
13/11/2013,00:00,2630,2692,2623,2665,104
14/11/2013,00:00,2673,2685,2657,2680,50
15/11/2013,00:00,2674,2738,2652,2730,117
18/11/2013,00:00,2730,2784,2706,2780,107
19/11/2013,00:00,2779,2820,2769,2795,87
20/11/2013,00:00,2800,2820,2791,2810,49
21/11/2013,00:00,2798,2809,2773,2794,69
22/11/2013,00:00,2795,2819,2779,2799,77
25/11/2013,00:00,2790,2809,2783,2803,40
26/11/2013,00:00,2803,2807,2741,2769,99
27/11/2013,00:00,2769,2788,2753,2766,68
29/11/2013,00:00,2775,2800,2772,2788,44
02/12/2013,00:00,2800,2844,2799,2813,78
03/12/2013,00:00,2812,2821,2792,2808,55
04/12/2013,00:00,2800,2816,2728,2769,146
05/12/2013,00:00,2771,2771,2740,2754,46
06/12/2013,00:00,2754,2827,2748,2803,110
09/12/2013,00:00,2800,2800,2742,2751,68
10/12/2013,00:00,2745,2788,2736,2773,77
11/12/2013,00:00,2759,2768,2750,2755,33
12/12/2013,00:00,2751,2810,2750,2787,85
13/12/2013,00:00,2783,2794,2758,2774,64
16/12/2013,00:00,2770,2835,2742,2792,165
17/12/2013,00:00,2792,2804,2764,2771,60
18/12/2013,00:00,2771,2794,2765,2770,58
19/12/2013,00:00,2777,2809,2772,2791,61
20/12/2013,00:00,2785,2823,2784,2819,45
23/12/2013,00:00,2819,2825,2785,2808,70
24/12/2013,00:00,2803,2835,2803,2820,48
26/12/2013,00:00,2815,2819,2770,2783,67
27/12/2013,00:00,2781,2825,2752,2785,143
30/12/2013,00:00,2751,2759,2692,2712,96
31/12/2013,00:00,2712,2729,2703,2709,50
02/01/2014,00:00,2702,2704,2629,2636,85
03/01/2014,00:00,2646,2723,2633,2699,128
06/01/2014,00:00,2708,2717,2656,2667,82
07/01/2014,00:00,2669,2697,2663,2675,63
08/01/2014,00:00,2685,2715,2669,2700,78
09/01/2014,00:00,2701,2720,2679,2684,66
10/01/2014,00:00,2688,2717,2676,2712,59
13/01/2014,00:00,2702,2719,2682,2712,65
14/01/2014,00:00,2710,2755,2696,2752,77
15/01/2014,00:00,2762,2772,2722,2748,87
16/01/2014,00:00,2750,2759,2737,2753,42
17/01/2014,00:00,2727,2742,2685,2700,88
21/01/2014,00:00,2710,2720,2673,2679,64
22/01/2014,00:00,2679,2709,2660,2697,81
23/01/2014,00:00,2702,2799,2702,2791,106
24/01/2014,00:00,2794,2813,2778,2792,69
27/01/2014,00:00,2796,2904,2777,2889,162
28/01/2014,00:00,2910,2933,2892,2905,78
29/01/2014,00:00,2906,2923,2865,2918,105
30/01/2014,00:00,2916,2920,2893,2912,51
31/01/2014,00:00,2913,2925,2890,2911,69
03/02/2014,00:00,2896,2924,2883,2914,65
04/02/2014,00:00,2928,2935,2883,2891,68
05/02/2014,00:00,2893,2918,2883,2898,66
06/02/2014,00:00,2895,2913,2889,2904,40
07/02/2014,00:00,2908,2958,2904,2940,77
10/02/2014,00:00,2940,2945,2916,2929,48
11/02/2014,00:00,2925,2935,2889,2928,90
12/02/2014,00:00,2929,2974,2929,2971,49
13/02/2014,00:00,2972,2977,2942,2958,57
14/02/2014,00:00,2956,2977,2950,2967,44
18/02/2014,00:00,2961,2985,2942,2959,85
19/02/2014,00:00,2945,2947,2901,2934,82
20/02/2014,00:00,2936,2997,2928,2976,99
21/02/2014,00:00,2969,3002,2937,2950,112
24/02/2014,00:00,2940,2975,2931,2958,71
25/02/2014,00:00,2945,2954,2886,2921,113
26/02/2014,00:00,2911,2934,2894,2932,60
27/02/2014,00:00,2927,2957,2919,2955,49
28/02/2014,00:00,2952,2980,2940,2957,76
03/03/2014,00:00,2934,2947,2901,2918,77
04/03/2014,00:00,2929,2972,2921,2956,76
05/03/2014,00:00,2951,2977,2944,2970,48
06/03/2014,00:00,2967,2975,2952,2961,41
07/03/2014,00:00,2961,2984,2950,2981,49
10/03/2014,00:00,2981,2994,2970,2984,46
11/03/2014,00:00,2981,3027,2977,3006,76
12/03/2014,00:00,3004,3012,2917,2946,133
13/03/2014,00:00,2954,3019,2950,3006,87
14/03/2014,00:00,3002,3020,2980,2992,71
17/03/2014,00:00,3008,3039,2974,3030,109
18/03/2014,00:00,3026,3033,2987,3014,81
19/03/2014,00:00,3021,3032,3012,3025,37
20/03/2014,00:00,2999,3002,2960,2974,60
21/03/2014,00:00,2985,2997,2951,2957,65
24/03/2014,00:00,2965,2986,2929,2940,90
25/03/2014,00:00,2928,2957,2921,2949,52
26/03/2014,00:00,2952,2969,2936,2963,56
27/03/2014,00:00,2963,2969,2937,2955,57
28/03/2014,00:00,2945,3006,2918,2983,139
31/03/2014,00:00,2971,3005,2945,2955,105
01/04/2014,00:00,2945,2964,2924,2943,79
02/04/2014,00:00,2936,2949,2905,2917,70
03/04/2014,00:00,2943,2945,2925,2936,34
04/04/2014,00:00,2937,2998,2930,2983,91
07/04/2014,00:00,2974,2994,2958,2973,72
08/04/2014,00:00,2975,3008,2961,3000,70
09/04/2014,00:00,3000,3036,2993,3026,61
10/04/2014,00:00,3011,3020,2975,2985,65
11/04/2014,00:00,2985,3015,2977,2999,63
14/04/2014,00:00,2981,3011,2975,2996,58
15/04/2014,00:00,2996,3006,2967,2981,64
16/04/2014,00:00,2973,2991,2962,2974,58
17/04/2014,00:00,2977,3022,2972,3020,58
21/04/2014,00:00,3007,3016,2996,3004,38
22/04/2014,00:00,3013,3031,2999,3006,58
23/04/2014,00:00,3004,3024,2990,3008,65
24/04/2014,00:00,3006,3016,2960,2979,86
25/04/2014,00:00,2966,2984,2947,2953,62
28/04/2014,00:00,2950,2975,2936,2946,75
29/04/2014,00:00,2952,2963,2945,2951,36
30/04/2014,00:00,2951,3018,2943,2980,122
01/05/2014,00:00,2966,2967,2910,2922,71
02/05/2014,00:00,2916,2925,2905,2917,40
05/05/2014,00:00,2920,2940,2914,2927,46
06/05/2014,00:00,2930,2932,2915,2920,25
07/05/2014,00:00,2911,2917,2883,2899,57
08/05/2014,00:00,2898,2898,2849,2894,95
09/05/2014,00:00,2876,2885,2856,2864,47
12/05/2014,00:00,2863,2878,2849,2865,57
13/05/2014,00:00,2865,2905,2865,2901,45
14/05/2014,00:00,2898,2899,2872,2891,48
15/05/2014,00:00,2890,2924,2886,2907,60
16/05/2014,00:00,2898,2920,2897,2917,28
19/05/2014,00:00,2912,2935,2880,2930,93
20/05/2014,00:00,2930,2974,2922,2968,67
21/05/2014,00:00,2976,2996,2960,2981,68
22/05/2014,00:00,2982,3010,2979,3001,44
23/05/2014,00:00,2990,3027,2989,3022,45
27/05/2014,00:00,3026,3052,2995,3031,110
28/05/2014,00:00,3037,3037,3018,3029,31
29/05/2014,00:00,3035,3055,3020,3046,60
30/05/2014,00:00,3061,3082,3059,3071,37
02/06/2014,00:00,3058,3079,3049,3069,50
03/06/2014,00:00,3070,3074,3054,3070,41
04/06/2014,00:00,3081,3097,3069,3087,51
05/06/2014,00:00,3089,3103,3070,3087,65
06/06/2014,00:00,3087,3103,3059,3079,81
09/06/2014,00:00,3078,3092,3060,3080,63
10/06/2014,00:00,3092,3093,3073,3085,34
11/06/2014,00:00,3082,3118,3055,3102,107
12/06/2014,00:00,3109,3119,3050,3062,92
13/06/2014,00:00,3057,3125,3055,3103,95
16/06/2014,00:00,3095,3109,3091,3106,26
17/06/2014,00:00,3106,3124,3091,3108,65
18/06/2014,00:00,3108,3122,3099,3118,37
19/06/2014,00:00,3117,3128,3097,3116,62
20/06/2014,00:00,3108,3120,3068,3108,105
23/06/2014,00:00,3106,3108,3076,3080,39
24/06/2014,00:00,3078,3083,3041,3043,50
25/06/2014,00:00,3043,3075,3040,3068,46
26/06/2014,00:00,3070,3075,3049,3053,36
27/06/2014,00:00,3060,3138,3060,3135,82
30/06/2014,00:00,3129,3142,3119,3127,45
01/07/2014,00:00,3114,3127,3096,3119,58
02/07/2014,00:00,3118,3141,3081,3117,120
03/07/2014,00:00,3137,3149,3097,3106,74
07/07/2014,00:00,3100,3103,3085,3099,36
08/07/2014,00:00,3091,3128,3088,3116,56
09/07/2014,00:00,3118,3118,3069,3087,68
10/07/2014,00:00,3084,3092,3055,3081,72
11/07/2014,00:00,3078,3094,3068,3090,41
14/07/2014,00:00,3088,3094,3075,3083,34
15/07/2014,00:00,3083,3129,3082,3106,72
16/07/2014,00:00,3100,3110,3051,3062,81
17/07/2014,00:00,3060,3087,3057,3064,57
18/07/2014,00:00,3074,3095,3064,3082,55
21/07/2014,00:00,3082,3130,3070,3128,75
22/07/2014,00:00,3116,3139,3115,3131,34
23/07/2014,00:00,3130,3204,3127,3185,100
24/07/2014,00:00,3193,3234,3189,3198,86
25/07/2014,00:00,3197,3205,3182,3194,44
28/07/2014,00:00,3200,3204,3160,3165,54
29/07/2014,00:00,3171,3187,3164,3177,41
30/07/2014,00:00,3182,3214,3180,3205,46
31/07/2014,00:00,3182,3188,3165,3186,43
01/08/2014,00:00,3183,3197,3127,3184,140
04/08/2014,00:00,3184,3218,3172,3179,88
05/08/2014,00:00,3180,3203,3158,3179,90
06/08/2014,00:00,3179,3208,3179,3200,38
07/08/2014,00:00,3203,3219,3192,3215,43
08/08/2014,00:00,3213,3232,3196,3215,71
11/08/2014,00:00,3215,3236,3205,3221,57
12/08/2014,00:00,3230,3244,3225,3238,31
13/08/2014,00:00,3238,3239,3213,3231,46
14/08/2014,00:00,3228,3248,3218,3235,54
15/08/2014,00:00,3235,3246,3229,3243,27
18/08/2014,00:00,3242,3269,3239,3260,43
19/08/2014,00:00,3254,3255,3200,3204,61
20/08/2014,00:00,3205,3255,3204,3226,82
21/08/2014,00:00,3218,3232,3192,3200,63
22/08/2014,00:00,3203,3216,3184,3194,56
25/08/2014,00:00,3194,3227,3191,3219,48
26/08/2014,00:00,3221,3230,3188,3216,80
27/08/2014,00:00,3230,3300,3191,3211,200
28/08/2014,00:00,3214,3242,3199,3228,73
29/08/2014,00:00,3235,3281,3220,3229,117
02/09/2014,00:00,3215,3223,3155,3165,87
03/09/2014,00:00,3156,3165,3144,3146,33
04/09/2014,00:00,3151,3158,3122,3132,54
05/09/2014,00:00,3132,3135,3094,3102,53
08/09/2014,00:00,3081,3091,3058,3071,57
09/09/2014,00:00,3055,3087,3030,3079,91
10/09/2014,00:00,3080,3085,3053,3063,48
11/09/2014,00:00,3059,3063,3019,3028,58
12/09/2014,00:00,3030,3066,3025,3053,60
15/09/2014,00:00,3045,3065,3035,3057,49
16/09/2014,00:00,3051,3088,3046,3070,66
17/09/2014,00:00,3077,3165,3071,3153,113
18/09/2014,00:00,3157,3205,3156,3192,64
19/09/2014,00:00,3194,3273,3192,3259,98
22/09/2014,00:00,3275,3343,3271,3328,92
23/09/2014,00:00,3338,3366,3284,3297,124
24/09/2014,00:00,3330,3380,3314,3371,92
25/09/2014,00:00,3361,3399,3323,3333,125
26/09/2014,00:00,3353,3368,3294,3311,107
29/09/2014,00:00,3315,3336,3283,3311,103
30/09/2014,00:00,3315,3327,3289,3300,62
01/10/2014,00:00,3274,3274,3150,3172,147
02/10/2014,00:00,3160,3170,3080,3090,111
03/10/2014,00:00,3086,3119,3050,3056,109
06/10/2014,00:00,3065,3096,3064,3079,51
07/10/2014,00:00,3078,3086,3045,3051,56
08/10/2014,00:00,3050,3074,3030,3038,77
09/10/2014,00:00,3048,3071,3040,3057,54
10/10/2014,00:00,3060,3172,3057,3157,134
13/10/2014,00:00,3190,3208,3054,3059,178
14/10/2014,00:00,3054,3140,3022,3102,189
15/10/2014,00:00,3131,3176,3103,3153,125
16/10/2014,00:00,3141,3150,3064,3086,118
17/10/2014,00:00,3115,3140,3098,3118,82
20/10/2014,00:00,3098,3132,3071,3120,101
21/10/2014,00:00,3126,3129,3086,3110,71
22/10/2014,00:00,3099,3119,3092,3113,41
23/10/2014,00:00,3087,3175,3070,3120,178
24/10/2014,00:00,3115,3130,3037,3050,122
27/10/2014,00:00,3048,3064,2957,2970,137
28/10/2014,00:00,2950,2958,2914,2923,62
29/10/2014,00:00,2920,2940,2889,2925,98
30/10/2014,00:00,2908,2943,2906,2939,44
31/10/2014,00:00,2947,2947,2882,2893,77
03/11/2014,00:00,2891,2900,2854,2856,58
04/11/2014,00:00,2862,2888,2853,2877,56
05/11/2014,00:00,2876,2890,2861,2870,53
06/11/2014,00:00,2867,2890,2855,2871,67
07/11/2014,00:00,2873,2914,2869,2883,81
10/11/2014,00:00,2879,2927,2874,2894,92
11/11/2014,00:00,2908,2925,2900,2919,40
12/11/2014,00:00,2915,2916,2855,2867,75
13/11/2014,00:00,2853,2860,2780,2821,129
14/11/2014,00:00,2825,2829,2783,2797,65
17/11/2014,00:00,2793,2834,2790,2828,54
18/11/2014,00:00,2821,2854,2798,2809,101
19/11/2014,00:00,2809,2841,2805,2835,47
20/11/2014,00:00,2835,2846,2819,2829,49
21/11/2014,00:00,2821,2826,2801,2822,50
24/11/2014,00:00,2814,2878,2802,2866,101
25/11/2014,00:00,2869,2875,2808,2824,90
26/11/2014,00:00,2827,2884,2821,2871,83
28/11/2014,00:00,2871,2887,2825,2843,97
01/12/2014,00:00,2851,2899,2848,2896,58
02/12/2014,00:00,2889,2908,2835,2859,117
03/12/2014,00:00,2858,2869,2844,2852,45
04/12/2014,00:00,2850,2875,2848,2865,40
05/12/2014,00:00,2862,2913,2862,2890,75
08/12/2014,00:00,2886,2910,2885,2903,34
09/12/2014,00:00,2906,2958,2905,2952,61
10/12/2014,00:00,2948,2960,2923,2933,60
11/12/2014,00:00,2935,2940,2843,2854,114
12/12/2014,00:00,2845,2872,2843,2857,47
15/12/2014,00:00,2862,2884,2852,2873,54
16/12/2014,00:00,2890,2926,2885,2914,59
17/12/2014,00:00,2919,2931,2890,2915,79
18/12/2014,00:00,2922,2968,2919,2965,56
19/12/2014,00:00,2965,2990,2952,2980,62
22/12/2014,00:00,2995,2996,2970,2986,44
23/12/2014,00:00,2974,2985,2954,2966,55
24/12/2014,00:00,2976,2997,2956,2964,71
26/12/2014,00:00,2964,2964,2935,2941,36
29/12/2014,00:00,2962,2987,2935,2964,103
30/12/2014,00:00,2975,2988,2947,2972,80
31/12/2014,00:00,2972,2978,2902,2910,91
02/01/2015,00:00,2917,2944,2896,2927,87
05/01/2015,00:00,2933,2954,2909,2944,80
06/01/2015,00:00,2930,2942,2888,2902,81
07/01/2015,00:00,2911,2923,2899,2912,48
08/01/2015,00:00,2918,3016,2911,2986,143
09/01/2015,00:00,2998,3003,2956,2968,65
12/01/2015,00:00,2952,3002,2933,2994,97
13/01/2015,00:00,2988,3015,2974,2991,80
14/01/2015,00:00,2984,2998,2957,2992,75
15/01/2015,00:00,2960,3003,2955,2977,80
16/01/2015,00:00,2974,2977,2936,2942,51
20/01/2015,00:00,2954,2959,2919,2925,52
21/01/2015,00:00,2919,2921,2840,2852,96
22/01/2015,00:00,2849,2849,2795,2801,61
23/01/2015,00:00,2785,2801,2754,2755,65
26/01/2015,00:00,2749,2769,2731,2737,65
27/01/2015,00:00,2743,2754,2728,2743,53
28/01/2015,00:00,2739,2752,2712,2715,57
29/01/2015,00:00,2710,2714,2683,2686,39
30/01/2015,00:00,2686,2717,2682,2693,64
02/02/2015,00:00,2692,2698,2674,2677,34
03/02/2015,00:00,2675,2732,2675,2705,85
04/02/2015,00:00,2715,2784,2715,2730,124
05/02/2015,00:00,2732,2762,2727,2755,48
06/02/2015,00:00,2764,2791,2754,2782,57
09/02/2015,00:00,2787,2871,2786,2866,92
10/02/2015,00:00,2869,2875,2830,2868,90
11/02/2015,00:00,2869,2889,2846,2884,72
12/02/2015,00:00,2882,2922,2880,2919,48
13/02/2015,00:00,2919,2933,2888,2931,79
17/02/2015,00:00,2935,2944,2918,2942,46
18/02/2015,00:00,2946,2976,2919,2973,88
19/02/2015,00:00,2962,2985,2940,2975,78
20/02/2015,00:00,2960,2984,2947,2979,56
23/02/2015,00:00,2980,3004,2960,3001,68
24/02/2015,00:00,2996,3029,2983,3017,72
25/02/2015,00:00,3031,3037,2952,2959,99
26/02/2015,00:00,2973,2992,2924,2981,129
27/02/2015,00:00,2987,3019,2977,3016,56
02/03/2015,00:00,3007,3017,2973,3006,88
03/03/2015,00:00,3008,3038,2985,3022,93
04/03/2015,00:00,3022,3023,2993,3007,46
05/03/2015,00:00,2995,3006,2960,2996,92
06/03/2015,00:00,2986,2987,2929,2945,76
09/03/2015,00:00,2935,2973,2918,2934,110
10/03/2015,00:00,2931,2939,2902,2913,57
11/03/2015,00:00,2899,2900,2842,2855,73
12/03/2015,00:00,2854,2855,2813,2838,69
13/03/2015,00:00,2843,2864,2807,2818,90
16/03/2015,00:00,2822,2837,2787,2791,70
17/03/2015,00:00,2781,2797,2726,2788,136
18/03/2015,00:00,2769,2785,2727,2758,106
19/03/2015,00:00,2764,2790,2705,2715,122
20/03/2015,00:00,2711,2795,2697,2790,118
23/03/2015,00:00,2763,2778,2748,2757,55
24/03/2015,00:00,2749,2791,2714,2783,121
25/03/2015,00:00,2769,2820,2763,2786,98
26/03/2015,00:00,2784,2802,2751,2760,79
27/03/2015,00:00,2746,2757,2723,2744,67
30/03/2015,00:00,2724,2769,2680,2695,150
31/03/2015,00:00,2679,2714,2679,2699,51
01/04/2015,00:00,2687,2758,2687,2748,82
02/04/2015,00:00,2738,2785,2738,2766,67
06/04/2015,00:00,2770,2805,2750,2798,83
07/04/2015,00:00,2782,2800,2775,2778,47
08/04/2015,00:00,2785,2830,2780,2801,85
09/04/2015,00:00,2774,2795,2762,2789,52
10/04/2015,00:00,2781,2809,2773,2783,71
13/04/2015,00:00,2780,2807,2778,2802,37
14/04/2015,00:00,2800,2853,2797,2847,66
15/04/2015,00:00,2842,2850,2809,2822,63
16/04/2015,00:00,2850,2888,2850,2874,53
17/04/2015,00:00,2872,2883,2833,2841,70
20/04/2015,00:00,2824,2826,2775,2780,59
21/04/2015,00:00,2776,2788,2755,2775,66
22/04/2015,00:00,2780,2829,2770,2782,117
23/04/2015,00:00,2775,2808,2769,2802,52
24/04/2015,00:00,2830,2888,2830,2885,62
27/04/2015,00:00,2888,2937,2870,2922,101
28/04/2015,00:00,2929,2958,2907,2924,98
29/04/2015,00:00,2937,2948,2901,2941,91
30/04/2015,00:00,2950,2962,2922,2943,74
01/05/2015,00:00,2966,2967,2857,2877,132
04/05/2015,00:00,2882,2890,2866,2875,42
05/05/2015,00:00,2882,2948,2869,2943,98
06/05/2015,00:00,2938,2955,2912,2919,68
07/05/2015,00:00,2922,2945,2906,2929,72
08/05/2015,00:00,2963,2965,2915,2945,83
11/05/2015,00:00,2939,3010,2933,3006,88
12/05/2015,00:00,3017,3064,2986,3037,137
13/05/2015,00:00,3060,3070,3039,3056,59
14/05/2015,00:00,3070,3098,3059,3088,61
15/05/2015,00:00,3088,3138,3073,3133,86
18/05/2015,00:00,3127,3149,3113,3140,60
19/05/2015,00:00,3130,3152,3115,3145,60
20/05/2015,00:00,3134,3143,3108,3125,62
21/05/2015,00:00,3143,3181,3141,3163,61
22/05/2015,00:00,3164,3172,3131,3153,72
26/05/2015,00:00,3124,3153,3120,3150,41
27/05/2015,00:00,3150,3155,3113,3134,69
28/05/2015,00:00,3130,3138,3091,3118,83
29/05/2015,00:00,3115,3130,3081,3085,69
01/06/2015,00:00,3090,3090,3050,3053,44
02/06/2015,00:00,3066,3126,3066,3112,75
03/06/2015,00:00,3111,3139,3103,3125,59
04/06/2015,00:00,3135,3141,3101,3116,62
05/06/2015,00:00,3108,3116,3064,3113,100
08/06/2015,00:00,3085,3122,3085,3116,44
09/06/2015,00:00,3109,3116,3084,3110,64
10/06/2015,00:00,3111,3159,3106,3135,83
11/06/2015,00:00,3131,3145,3099,3104,66
12/06/2015,00:00,3100,3153,3093,3145,76
15/06/2015,00:00,3162,3208,3157,3198,67
16/06/2015,00:00,3211,3241,3205,3235,49
17/06/2015,00:00,3237,3237,3209,3222,42
18/06/2015,00:00,3248,3294,3240,3290,67
19/06/2015,00:00,3288,3299,3243,3260,85
22/06/2015,00:00,3243,3288,3242,3281,55
23/06/2015,00:00,3270,3280,3238,3251,66
24/06/2015,00:00,3247,3288,3237,3282,68
25/06/2015,00:00,3285,3316,3259,3268,98
26/06/2015,00:00,3268,3333,3260,3322,93
29/06/2015,00:00,3301,3338,3297,3331,53
30/06/2015,00:00,3330,3334,3250,3269,108
01/07/2015,00:00,3246,3294,3239,3276,81
02/07/2015,00:00,3285,3297,3247,3288,98
06/07/2015,00:00,3263,3295,3255,3278,66
07/07/2015,00:00,3265,3270,3225,3250,76
08/07/2015,00:00,3239,3253,3236,3247,27
09/07/2015,00:00,3248,3288,3239,3278,69
10/07/2015,00:00,3292,3318,3272,3303,82
13/07/2015,00:00,3295,3318,3294,3305,39
14/07/2015,00:00,3309,3377,3295,3370,104
15/07/2015,00:00,3365,3386,3346,3353,69
16/07/2015,00:00,3355,3363,3333,3352,58
17/07/2015,00:00,3337,3359,3328,3346,54
20/07/2015,00:00,3344,3360,3318,3353,76
21/07/2015,00:00,3345,3367,3333,3336,60
22/07/2015,00:00,3350,3352,3235,3277,162
23/07/2015,00:00,3265,3273,3240,3241,43
24/07/2015,00:00,3247,3261,3175,3181,107
27/07/2015,00:00,3180,3217,3164,3193,94
28/07/2015,00:00,3185,3208,3174,3204,50
29/07/2015,00:00,3204,3226,3200,3217,40
30/07/2015,00:00,3205,3231,3205,3221,37
31/07/2015,00:00,3221,3240,3199,3209,71
03/08/2015,00:00,3203,3206,3161,3166,54
04/08/2015,00:00,3164,3188,3155,3165,66
05/08/2015,00:00,3174,3189,3106,3130,123
06/08/2015,00:00,3115,3126,3069,3071,71
07/08/2015,00:00,3066,3126,3043,3121,112
10/08/2015,00:00,3098,3118,3085,3109,56
11/08/2015,00:00,3099,3164,3040,3096,246
12/08/2015,00:00,3083,3103,3038,3052,100
13/08/2015,00:00,3034,3081,3020,3061,96
14/08/2015,00:00,3061,3077,3045,3061,65
17/08/2015,00:00,3055,3092,3049,3056,86
18/08/2015,00:00,3063,3092,3060,3084,44
19/08/2015,00:00,3088,3137,3088,3116,71
20/08/2015,00:00,3091,3142,3081,3135,79
21/08/2015,00:00,3120,3134,3070,3074,83
24/08/2015,00:00,3054,3108,2989,3088,205
25/08/2015,00:00,3097,3148,3082,3108,122
26/08/2015,00:00,3101,3123,3077,3098,90
27/08/2015,00:00,3095,3118,3080,3109,63
28/08/2015,00:00,3118,3142,3056,3112,167
31/08/2015,00:00,3073,3111,3064,3099,69
01/09/2015,00:00,3110,3145,3105,3141,50
02/09/2015,00:00,3124,3142,3085,3117,108
03/09/2015,00:00,3112,3138,3100,3114,75
04/09/2015,00:00,3126,3192,3125,3168,93
08/09/2015,00:00,3205,3230,3203,3220,40
09/09/2015,00:00,3234,3278,3227,3270,67
10/09/2015,00:00,3270,3295,3253,3276,79
11/09/2015,00:00,3273,3291,3230,3254,104
14/09/2015,00:00,3260,3288,3249,3286,53
15/09/2015,00:00,3284,3287,3222,3238,85
16/09/2015,00:00,3250,3285,3248,3267,58
17/09/2015,00:00,3263,3288,3249,3282,60
18/09/2015,00:00,3292,3341,3292,3311,80
21/09/2015,00:00,3317,3325,3300,3311,45
22/09/2015,00:00,3311,3328,3279,3312,98
23/09/2015,00:00,3312,3322,3285,3315,72
24/09/2015,00:00,3314,3314,3271,3293,66
25/09/2015,00:00,3304,3308,3257,3276,75
28/09/2015,00:00,3280,3284,3224,3242,83
29/09/2015,00:00,3243,3250,3171,3182,98
30/09/2015,00:00,3169,3191,3109,3114,110
01/10/2015,00:00,3120,3157,3094,3105,112
02/10/2015,00:00,3105,3122,3087,3095,61
05/10/2015,00:00,3095,3105,3069,3092,70
06/10/2015,00:00,3078,3094,3071,3092,33
07/10/2015,00:00,3087,3145,3052,3079,179
08/10/2015,00:00,3063,3077,3035,3060,82
09/10/2015,00:00,3055,3089,3046,3049,81
12/10/2015,00:00,3059,3099,3026,3074,132
13/10/2015,00:00,3074,3143,3060,3125,116
14/10/2015,00:00,3126,3148,3096,3109,88
15/10/2015,00:00,3111,3118,3075,3104,80
16/10/2015,00:00,3094,3127,3088,3119,54
19/10/2015,00:00,3110,3172,3110,3169,66
20/10/2015,00:00,3172,3227,3167,3202,91
21/10/2015,00:00,3212,3226,3127,3146,133
22/10/2015,00:00,3139,3185,3118,3140,134
23/10/2015,00:00,3137,3161,3105,3125,101
26/10/2015,00:00,3148,3188,3131,3181,82
27/10/2015,00:00,3183,3208,3172,3205,51
28/10/2015,00:00,3197,3238,3194,3226,60
29/10/2015,00:00,3212,3250,3176,3223,138
30/10/2015,00:00,3225,3265,3224,3263,45
02/11/2015,00:00,3254,3299,3248,3295,62
03/11/2015,00:00,3288,3302,3278,3301,36
04/11/2015,00:00,3279,3281,3227,3244,74
05/11/2015,00:00,3237,3278,3230,3270,64
06/11/2015,00:00,3266,3272,3212,3246,101
09/11/2015,00:00,3233,3244,3194,3216,84
10/11/2015,00:00,3219,3288,3215,3279,87
11/11/2015,00:00,3270,3315,3268,3313,52
12/11/2015,00:00,3309,3330,3300,3328,42
13/11/2015,00:00,3335,3365,3323,3363,57
16/11/2015,00:00,3378,3390,3345,3377,90
17/11/2015,00:00,3364,3395,3355,3371,74
18/11/2015,00:00,3380,3387,3335,3341,66
19/11/2015,00:00,3368,3393,3358,3377,62
20/11/2015,00:00,3391,3420,3340,3368,138
23/11/2015,00:00,3356,3356,3301,3306,61
24/11/2015,00:00,3327,3349,3312,3338,64
25/11/2015,00:00,3337,3345,3289,3304,80
27/11/2015,00:00,3305,3318,3303,3310,26
30/11/2015,00:00,3321,3366,3310,3339,95
01/12/2015,00:00,3344,3359,3312,3337,88
02/12/2015,00:00,3338,3344,3311,3333,62
03/12/2015,00:00,3338,3388,3329,3386,71
04/12/2015,00:00,3376,3398,3370,3390,43
07/12/2015,00:00,3381,3429,3375,3417,73
08/12/2015,00:00,3412,3415,3282,3316,171
09/12/2015,00:00,3322,3382,3322,3371,72
10/12/2015,00:00,3375,3380,3344,3347,45
11/12/2015,00:00,3356,3362,3309,3353,104
14/12/2015,00:00,3357,3386,3337,3375,81
15/12/2015,00:00,3372,3385,3334,3338,69
16/12/2015,00:00,3343,3343,3286,3291,63
17/12/2015,00:00,3297,3299,3228,3253,99
18/12/2015,00:00,3267,3271,3229,3252,70
21/12/2015,00:00,3246,3257,3205,3239,98
22/12/2015,00:00,3229,3239,3176,3197,95
23/12/2015,00:00,3189,3262,3178,3260,98
24/12/2015,00:00,3251,3269,3208,3210,82
28/12/2015,00:00,3211,3222,3190,3194,48
29/12/2015,00:00,3211,3225,3186,3211,79
30/12/2015,00:00,3200,3233,3200,3229,38
31/12/2015,00:00,3229,3235,3188,3211,77
04/01/2016,00:00,3214,3219,3119,3124,111
05/01/2016,00:00,3132,3138,3047,3059,110
06/01/2016,00:00,3033,3052,2970,2981,113
07/01/2016,00:00,2951,2987,2898,2963,167
08/01/2016,00:00,2985,3025,2975,3017,69
11/01/2016,00:00,3000,3004,2882,2902,147
12/01/2016,00:00,2875,2892,2852,2860,66
13/01/2016,00:00,2865,2902,2865,2892,48
14/01/2016,00:00,2889,2894,2844,2857,69
15/01/2016,00:00,2876,2919,2872,2905,66
19/01/2016,00:00,2916,2954,2903,2934,85
20/01/2016,00:00,2913,2914,2787,2810,152
21/01/2016,00:00,2799,2868,2755,2855,171
22/01/2016,00:00,2883,2908,2851,2872,104
25/01/2016,00:00,2847,2877,2811,2819,105
26/01/2016,00:00,2790,2851,2785,2829,94
27/01/2016,00:00,2829,2838,2743,2764,126
28/01/2016,00:00,2739,2823,2731,2791,133
29/01/2016,00:00,2806,2830,2754,2761,108
01/02/2016,00:00,2765,2875,2744,2868,160
02/02/2016,00:00,2858,2860,2761,2767,108
03/02/2016,00:00,2780,2860,2745,2843,168
04/02/2016,00:00,2881,2883,2764,2771,129
05/02/2016,00:00,2770,2829,2760,2781,128
08/02/2016,00:00,2805,2879,2773,2870,148
09/02/2016,00:00,2859,2872,2797,2859,151
10/02/2016,00:00,2837,2890,2821,2854,122
11/02/2016,00:00,2838,2849,2798,2800,65
12/02/2016,00:00,2809,2879,2803,2874,88
16/02/2016,00:00,2854,2870,2818,2834,85
17/02/2016,00:00,2834,2915,2809,2880,167
18/02/2016,00:00,2869,2930,2865,2918,82
19/02/2016,00:00,2897,2920,2839,2857,123
22/02/2016,00:00,2818,2906,2812,2879,128
23/02/2016,00:00,2890,2910,2837,2889,146
24/02/2016,00:00,2884,2939,2852,2929,130
25/02/2016,00:00,2934,2968,2924,2947,76
26/02/2016,00:00,2957,2974,2872,2888,136
29/02/2016,00:00,2894,2970,2893,2955,94
01/03/2016,00:00,2943,2965,2919,2933,83
02/03/2016,00:00,2949,2957,2895,2948,124
03/03/2016,00:00,2960,2980,2926,2952,101
04/03/2016,00:00,2973,3018,2962,3008,78
07/03/2016,00:00,2986,3017,2982,3010,47
08/03/2016,00:00,3007,3015,2944,2970,106
09/03/2016,00:00,2980,3037,2963,3022,107
10/03/2016,00:00,3032,3068,3021,3062,65
11/03/2016,00:00,3058,3077,3048,3062,55
14/03/2016,00:00,3066,3087,3014,3081,132
15/03/2016,00:00,3069,3075,3050,3053,35
16/03/2016,00:00,3050,3052,3016,3040,63
17/03/2016,00:00,3075,3125,3055,3116,100
18/03/2016,00:00,3115,3148,3104,3118,86
21/03/2016,00:00,3114,3125,3059,3072,91
22/03/2016,00:00,3056,3068,3025,3035,66
23/03/2016,00:00,3038,3039,2936,2963,132
24/03/2016,00:00,2957,2972,2926,2962,88
28/03/2016,00:00,2946,3001,2946,2970,87
29/03/2016,00:00,2960,2992,2952,2970,71
30/03/2016,00:00,2985,3021,2959,2974,114
31/03/2016,00:00,2959,2979,2910,2950,130
01/04/2016,00:00,2941,2958,2880,2881,97
04/04/2016,00:00,2884,2926,2865,2882,121
05/04/2016,00:00,2863,2903,2852,2895,71
06/04/2016,00:00,2891,2918,2868,2912,80
07/04/2016,00:00,2913,2918,2865,2872,66
08/04/2016,00:00,2872,2901,2869,2894,43
11/04/2016,00:00,2893,2941,2892,2932,60
12/04/2016,00:00,2949,2966,2923,2963,73
13/04/2016,00:00,2920,2961,2914,2954,61
14/04/2016,00:00,2946,2994,2942,2988,63
15/04/2016,00:00,2986,3031,2974,2987,114
18/04/2016,00:00,2973,3046,2953,3041,119
19/04/2016,00:00,3055,3086,3051,3079,47
20/04/2016,00:00,3081,3102,3069,3090,58
21/04/2016,00:00,3080,3138,3080,3107,90
22/04/2016,00:00,3121,3159,3113,3155,59
25/04/2016,00:00,3160,3177,3134,3167,80
26/04/2016,00:00,3171,3213,3163,3211,61
27/04/2016,00:00,3209,3219,3176,3190,149
28/04/2016,00:00,3123,3136,3104,3119,118
29/04/2016,00:00,3138,3173,3133,3170,194
02/05/2016,00:00,3157,3166,3140,3163,89
03/05/2016,00:00,3180,3186,3132,3151,202
04/05/2016,00:00,3135,3142,3092,3137,253
05/05/2016,00:00,3135,3137,3112,3119,71
06/05/2016,00:00,3110,3110,3036,3044,161
09/05/2016,00:00,3037,3062,3033,3052,139
10/05/2016,00:00,3051,3088,3051,3077,163
11/05/2016,00:00,3059,3089,3037,3041,130
12/05/2016,00:00,3041,3055,2968,2990,206
13/05/2016,00:00,2965,2973,2940,2944,137
16/05/2016,00:00,2940,2963,2890,2906,152
17/05/2016,00:00,2898,2912,2870,2877,165
18/05/2016,00:00,2883,2919,2869,2909,185
19/05/2016,00:00,2901,2918,2871,2877,189
20/05/2016,00:00,2894,2908,2876,2893,157
23/05/2016,00:00,2895,2943,2893,2932,203
24/05/2016,00:00,2968,2978,2917,2931,165
25/05/2016,00:00,2943,2943,2898,2907,136
26/05/2016,00:00,2891,2920,2876,2894,165
27/05/2016,00:00,2931,2956,2914,2947,195
31/05/2016,00:00,2956,2991,2956,2979,115
01/06/2016,00:00,2961,2993,2929,2981,214
02/06/2016,00:00,2967,3011,2967,3001,180
03/06/2016,00:00,2998,3013,2961,2990,185
06/06/2016,00:00,2995,3038,2976,3013,119
07/06/2016,00:00,3035,3045,3014,3034,137
08/06/2016,00:00,3034,3064,3030,3048,142
09/06/2016,00:00,3038,3056,3032,3051,150
10/06/2016,00:00,3046,3054,3019,3052,190
13/06/2016,00:00,3029,3071,3020,3055,196
14/06/2016,00:00,3043,3056,3025,3048,181
15/06/2016,00:00,3062,3073,3054,3060,128
16/06/2016,00:00,3062,3066,2882,2974,474
17/06/2016,00:00,3025,3036,2989,3014,227
20/06/2016,00:00,3078,3081,3051,3072,170
21/06/2016,00:00,3078,3096,3055,3094,171
22/06/2016,00:00,3093,3106,3084,3102,98
23/06/2016,00:00,3112,3137,3109,3133,145
24/06/2016,00:00,3014,3050,2956,2970,337
27/06/2016,00:00,2938,2946,2914,2924,229
28/06/2016,00:00,2949,2966,2929,2942,174
29/06/2016,00:00,2957,2976,2944,2971,132
30/06/2016,00:00,2975,2977,2902,2907,214
01/07/2016,00:00,2907,2942,2907,2937,191
05/07/2016,00:00,2953,3003,2923,2999,249
06/07/2016,00:00,2999,3021,2983,3016,214
07/07/2016,00:00,3028,3044,3003,3037,197
08/07/2016,00:00,3042,3057,3018,3025,168
11/07/2016,00:00,3027,3058,3023,3037,182
12/07/2016,00:00,3049,3063,3025,3054,157
13/07/2016,00:00,3061,3099,3057,3082,163
14/07/2016,00:00,3089,3102,3080,3100,154
15/07/2016,00:00,3103,3109,3010,3019,284
18/07/2016,00:00,3038,3053,3022,3046,193
19/07/2016,00:00,3027,3031,2965,2972,188
20/07/2016,00:00,2984,2996,2937,2953,192
21/07/2016,00:00,2945,2958,2891,2898,219
22/07/2016,00:00,2886,2939,2843,2880,310
25/07/2016,00:00,2876,2903,2841,2845,208
26/07/2016,00:00,2855,2878,2835,2846,157
27/07/2016,00:00,2836,2872,2836,2852,156
28/07/2016,00:00,2872,2883,2840,2843,181
29/07/2016,00:00,2845,2857,2812,2832,213
01/08/2016,00:00,2830,2927,2811,2903,276
02/08/2016,00:00,2893,2930,2849,2866,269
03/08/2016,00:00,2851,2950,2846,2946,318
04/08/2016,00:00,2949,2949,2898,2933,239
05/08/2016,00:00,2962,2967,2937,2959,272
08/08/2016,00:00,2953,2970,2938,2945,195
09/08/2016,00:00,2934,2965,2920,2927,249
10/08/2016,00:00,2938,2992,2912,2978,353
11/08/2016,00:00,2963,2975,2944,2965,204
12/08/2016,00:00,2959,2982,2933,2954,282
15/08/2016,00:00,2968,2998,2968,2986,167
16/08/2016,00:00,3006,3034,2986,3030,184
17/08/2016,00:00,3035,3056,3015,3049,167
18/08/2016,00:00,3066,3091,3058,3083,151
19/08/2016,00:00,3083,3090,3048,3069,216
22/08/2016,00:00,3051,3051,2954,2962,372
23/08/2016,00:00,2996,3027,2961,3021,270
24/08/2016,00:00,3036,3056,2971,2997,295
25/08/2016,00:00,2995,3039,2989,3006,250
26/08/2016,00:00,3007,3026,2959,2990,308
29/08/2016,00:00,2980,2980,2898,2902,162
30/08/2016,00:00,2919,2923,2864,2868,254
31/08/2016,00:00,2877,2899,2843,2875,315
01/09/2016,00:00,2888,2904,2853,2870,226
02/09/2016,00:00,2855,2908,2854,2875,236
06/09/2016,00:00,2879,2904,2866,2896,282
07/09/2016,00:00,2898,2925,2861,2881,240
08/09/2016,00:00,2877,2896,2834,2863,260
09/09/2016,00:00,2856,2856,2734,2748,295
12/09/2016,00:00,2749,2783,2729,2775,233
13/09/2016,00:00,2764,2782,2725,2761,305
14/09/2016,00:00,2774,2803,2773,2790,219
15/09/2016,00:00,2800,2818,2785,2813,240
16/09/2016,00:00,2815,2830,2775,2782,216
19/09/2016,00:00,2795,2857,2795,2840,221
20/09/2016,00:00,2841,2852,2808,2836,276
21/09/2016,00:00,2824,2857,2821,2847,199
22/09/2016,00:00,2856,2902,2850,2886,223
23/09/2016,00:00,2881,2891,2782,2822,310
26/09/2016,00:00,2811,2821,2784,2817,646
27/09/2016,00:00,2815,2847,2804,2839,651
28/09/2016,00:00,2839,2841,2774,2800,870
29/09/2016,00:00,2794,2798,2690,2704,1115
30/09/2016,00:00,2700,2752,2684,2734,1014
03/10/2016,00:00,2730,2758,2707,2751,799
04/10/2016,00:00,2735,2769,2721,2758,842
05/10/2016,00:00,2758,2795,2743,2779,823
06/10/2016,00:00,2779,2780,2707,2738,1015
07/10/2016,00:00,2722,2742,2699,2725,1341
10/10/2016,00:00,2727,2740,2599,2617,1193
11/10/2016,00:00,2624,2640,2591,2627,945
12/10/2016,00:00,2642,2650,2589,2608,778
13/10/2016,00:00,2611,2647,2599,2637,877
14/10/2016,00:00,2638,2676,2634,2653,963
17/10/2016,00:00,2640,2644,2601,2630,941
18/10/2016,00:00,2630,2659,2614,2630,908
19/10/2016,00:00,2631,2646,2620,2641,787
20/10/2016,00:00,2645,2662,2604,2630,1177
21/10/2016,00:00,2620,2648,2599,2642,976
24/10/2016,00:00,2624,2644,2603,2627,1584
25/10/2016,00:00,2632,2655,2608,2638,1706
26/10/2016,00:00,2647,2662,2632,2660,1368
27/10/2016,00:00,2662,2665,2621,2632,2354
28/10/2016,00:00,2635,2654,2606,2648,2168
31/10/2016,00:00,2756,2767,2691,2738,4262
01/11/2016,00:00,2723,2733,2682,2692,2946
02/11/2016,00:00,2697,2717,2669,2713,2584
03/11/2016,00:00,2720,2768,2685,2691,3629
04/11/2016,00:00,2705,2717,2578,2587,4034
07/11/2016,00:00,2577,2579,2476,2484,4251
08/11/2016,00:00,2498,2536,2479,2484,3164
09/11/2016,00:00,2476,2493,2453,2479,3100
10/11/2016,00:00,2468,2483,2437,2464,3780
11/11/2016,00:00,2480,2498,2435,2467,4026
14/11/2016,00:00,2446,2474,2409,2422,3466
15/11/2016,00:00,2407,2416,2386,2391,2680
16/11/2016,00:00,2405,2418,2389,2410,3080
17/11/2016,00:00,2415,2426,2358,2419,3374
18/11/2016,00:00,2417,2438,2405,2423,3317
21/11/2016,00:00,2426,2457,2420,2426,2160
22/11/2016,00:00,2428,2454,2423,2443,2620
23/11/2016,00:00,2433,2450,2408,2442,2987
25/11/2016,00:00,2435,2443,2400,2415,2670
28/11/2016,00:00,2418,2426,2396,2398,2104
29/11/2016,00:00,2402,2426,2385,2423,3517
30/11/2016,00:00,2419,2425,2370,2381,4079
01/12/2016,00:00,2383,2426,2382,2390,3450
02/12/2016,00:00,2401,2408,2342,2399,3401
05/12/2016,00:00,2386,2390,2349,2367,3520
06/12/2016,00:00,2369,2374,2321,2342,3741
07/12/2016,00:00,2329,2336,2294,2323,3302
08/12/2016,00:00,2343,2346,2241,2256,3271
09/12/2016,00:00,2236,2241,2160,2164,3615
12/12/2016,00:00,2162,2278,2143,2276,4481
13/12/2016,00:00,2266,2293,2239,2293,3731
14/12/2016,00:00,2274,2329,2259,2323,3738
15/12/2016,00:00,2298,2302,2221,2226,4132
16/12/2016,00:00,2229,2271,2173,2259,4493
19/12/2016,00:00,2259,2306,2245,2290,2935
20/12/2016,00:00,2289,2290,2247,2263,3528
21/12/2016,00:00,2256,2285,2250,2268,2198
22/12/2016,00:00,2269,2281,2181,2196,3189
23/12/2016,00:00,2188,2265,2179,2249,2815
27/12/2016,00:00,2269,2269,2205,2243,1802
28/12/2016,00:00,2231,2235,2182,2204,2379
29/12/2016,00:00,2203,2207,2141,2145,2627
30/12/2016,00:00,2149,2192,2120,2136,3569
03/01/2017,00:00,2125,2176,2117,2166,4155
04/01/2017,00:00,2176,2244,2165,2226,3578
05/01/2017,00:00,2232,2265,2209,2244,3691
06/01/2017,00:00,2263,2289,2244,2247,4439
09/01/2017,00:00,2192,2200,2140,2169,4015
10/01/2017,00:00,2173,2212,2160,2196,3069
11/01/2017,00:00,2199,2200,2107,2145,4632
12/01/2017,00:00,2157,2232,2149,2219,3748
13/01/2017,00:00,2211,2228,2189,2212,3022
17/01/2017,00:00,2180,2250,2163,2249,4685
18/01/2017,00:00,2238,2256,2208,2226,4055
19/01/2017,00:00,2238,2247,2143,2144,4142
20/01/2017,00:00,2148,2163,2121,2150,3490
23/01/2017,00:00,2156,2180,2141,2170,2781
24/01/2017,00:00,2166,2205,2146,2200,3046
25/01/2017,00:00,2212,2215,2165,2186,2514
26/01/2017,00:00,2182,2184,2123,2127,3306
27/01/2017,00:00,2085,2119,2075,2092,3228
30/01/2017,00:00,2099,2107,2073,2073,2589
31/01/2017,00:00,2081,2147,2071,2090,3539
01/02/2017,00:00,2099,2148,2094,2106,3600
02/02/2017,00:00,2105,2105,2072,2073,3335
03/02/2017,00:00,2074,2084,2051,2061,2391
06/02/2017,00:00,2067,2089,2040,2040,2234
07/02/2017,00:00,2037,2049,1999,2001,2820
08/02/2017,00:00,1993,2014,1981,1986,2193
09/02/2017,00:00,1991,2017,1968,1969,2861
10/02/2017,00:00,1972,1975,1927,1927,2309
13/02/2017,00:00,1924,1950,1921,1922,1727
14/02/2017,00:00,1915,1941,1892,1902,3441
15/02/2017,00:00,1905,1988,1893,1982,3051
16/02/2017,00:00,1987,2055,1987,2055,2838
17/02/2017,00:00,2047,2058,1988,2010,2717
21/02/2017,00:00,1996,2011,1969,2000,2071
22/02/2017,00:00,1997,2008,1986,1995,1094
23/02/2017,00:00,1997,2032,1994,2025,1574
24/02/2017,00:00,2021,2029,1986,1988,1088
27/02/2017,00:00,1984,2007,1966,1973,1067
28/02/2017,00:00,1974,1978,1903,1906,1592
01/03/2017,00:00,1902,1921,1887,1901,1702
02/03/2017,00:00,1895,1937,1868,1915,1911
03/03/2017,00:00,1917,1961,1909,1949,2023
06/03/2017,00:00,1968,1969,1932,1933,1524
07/03/2017,00:00,1928,1940,1905,1905,1383
08/03/2017,00:00,1899,1919,1895,1912,1229
09/03/2017,00:00,1908,1919,1877,1889,1721
10/03/2017,00:00,1886,1951,1886,1930,1802
13/03/2017,00:00,1943,2019,1932,2013,1510
14/03/2017,00:00,2011,2062,2005,2052,1243
15/03/2017,00:00,2066,2077,2036,2046,1662
16/03/2017,00:00,2053,2067,2022,2032,1382
17/03/2017,00:00,2036,2044,2005,2017,1039
20/03/2017,00:00,2024,2122,2012,2112,2175
21/03/2017,00:00,2154,2185,2120,2156,2325
22/03/2017,00:00,2157,2167,2120,2167,1822
23/03/2017,00:00,2173,2181,2139,2173,1395
24/03/2017,00:00,2163,2172,2125,2131,1554
27/03/2017,00:00,2143,2178,2127,2155,1679
28/03/2017,00:00,2157,2163,2110,2113,1802
29/03/2017,00:00,2107,2116,2081,2083,1801
30/03/2017,00:00,2074,2116,2054,2091,1565
31/03/2017,00:00,2085,2104,2077,2092,1253
03/04/2017,00:00,2089,2109,2059,2097,1609
04/04/2017,00:00,2094,2120,2080,2098,1144
05/04/2017,00:00,2107,2124,2091,2112,1121
06/04/2017,00:00,2107,2113,2071,2076,1074
07/04/2017,00:00,2050,2058,1988,2004,1711
10/04/2017,00:00,1979,1990,1952,1952,1382
11/04/2017,00:00,1947,1994,1944,1975,1282
12/04/2017,00:00,1969,1978,1945,1950,1194
13/04/2017,00:00,1955,1968,1910,1911,1198
17/04/2017,00:00,1921,1928,1891,1924,656
18/04/2017,00:00,1928,1953,1898,1908,2816
19/04/2017,00:00,1913,1924,1825,1825,1628
20/04/2017,00:00,1831,1847,1754,1785,2261
21/04/2017,00:00,1799,1854,1786,1846,2395
24/04/2017,00:00,1843,1875,1803,1805,1405
25/04/2017,00:00,1808,1857,1802,1856,1410
26/04/2017,00:00,1844,1898,1836,1866,2058
27/04/2017,00:00,1876,1882,1842,1868,1421
28/04/2017,00:00,1861,1881,1806,1832,2432
01/05/2017,00:00,1828,1836,1804,1809,802
02/05/2017,00:00,1819,1843,1791,1798,1469
03/05/2017,00:00,1781,1790,1771,1782,1431
04/05/2017,00:00,1775,1842,1771,1839,1906
05/05/2017,00:00,1842,1875,1804,1861,2064
08/05/2017,00:00,1877,1962,1875,1950,2009
09/05/2017,00:00,1963,1968,1925,1958,1349
10/05/2017,00:00,1962,1964,1939,1950,1278
11/05/2017,00:00,1953,1962,1940,1954,1101
12/05/2017,00:00,1943,2025,1940,1996,1805
15/05/2017,00:00,2046,2064,2030,2046,1749
16/05/2017,00:00,2047,2052,1975,2033,3135
17/05/2017,00:00,2032,2060,2002,2059,1768
18/05/2017,00:00,2063,2086,2049,2084,1758
19/05/2017,00:00,2079,2082,2018,2033,1610
22/05/2017,00:00,2030,2056,2013,2025,1891
23/05/2017,00:00,2031,2053,1993,1995,1728
24/05/2017,00:00,1994,1996,1880,1883,2658
25/05/2017,00:00,1895,1925,1866,1890,2163
26/05/2017,00:00,1883,1915,1880,1911,1697
30/05/2017,00:00,1924,2039,1923,2029,2669
31/05/2017,00:00,2042,2058,2025,2039,1842
01/06/2017,00:00,2027,2036,1970,2030,2506
02/06/2017,00:00,2029,2029,1990,1999,1567
05/06/2017,00:00,2002,2003,1926,1987,2556
06/06/2017,00:00,1990,1997,1950,1953,1922
07/06/2017,00:00,1959,1983,1945,1965,1781
08/06/2017,00:00,1958,2050,1954,1965,2196
09/06/2017,00:00,1968,2026,1940,2025,2569
12/06/2017,00:00,2033,2091,2021,2089,2131
13/06/2017,00:00,2104,2111,2038,2039,1671
14/06/2017,00:00,2046,2075,2032,2073,1815
15/06/2017,00:00,2081,2086,2060,2071,1485
16/06/2017,00:00,2072,2083,2015,2027,1552
19/06/2017,00:00,2035,2042,1925,1925,3112
20/06/2017,00:00,1944,1946,1904,1915,2513
21/06/2017,00:00,1907,1928,1837,1842,2589
22/06/2017,00:00,1826,1844,1803,1812,2103
23/06/2017,00:00,1813,1883,1813,1862,2675
26/06/2017,00:00,1867,1892,1824,1832,2658
27/06/2017,00:00,1835,1896,1835,1859,3148
28/06/2017,00:00,1861,1886,1861,1878,2370
29/06/2017,00:00,1884,1895,1835,1849,2473
30/06/2017,00:00,1845,1952,1845,1929,3682
03/07/2017,00:00,1971,1993,1949,1959,2986
05/07/2017,00:00,1950,1955,1919,1946,2692
06/07/2017,00:00,1938,1945,1891,1922,2826
07/07/2017,00:00,1908,1920,1864,1877,2710
10/07/2017,00:00,1871,1899,1814,1834,3350
11/07/2017,00:00,1829,1842,1789,1806,2847
12/07/2017,00:00,1802,1826,1799,1814,2175
13/07/2017,00:00,1819,1883,1812,1878,3235
14/07/2017,00:00,1882,1919,1870,1906,2559
17/07/2017,00:00,1910,1915,1884,1905,2602
18/07/2017,00:00,1907,1941,1887,1895,2850
19/07/2017,00:00,1899,1949,1898,1940,1884
20/07/2017,00:00,1946,1970,1931,1946,2637
21/07/2017,00:00,1949,1974,1935,1963,2470
24/07/2017,00:00,1967,1984,1951,1956,2318
25/07/2017,00:00,1958,1964,1915,1921,2747
26/07/2017,00:00,1904,1937,1898,1914,2392
27/07/2017,00:00,1919,2016,1918,2002,2728
28/07/2017,00:00,2006,2064,2004,2063,2980
31/07/2017,00:00,2062,2078,2036,2066,3305
01/08/2017,00:00,2078,2088,1993,2006,3924
02/08/2017,00:00,2001,2066,1997,2064,2910
03/08/2017,00:00,2070,2081,2032,2058,3187
04/08/2017,00:00,2051,2070,1980,2011,3265
07/08/2017,00:00,2006,2040,1998,2012,3131
08/08/2017,00:00,2022,2062,2006,2011,2844
09/08/2017,00:00,2010,2019,1972,1998,3046
10/08/2017,00:00,1990,2013,1942,1954,2961
11/08/2017,00:00,1956,1993,1945,1990,2605
14/08/2017,00:00,1976,1977,1909,1917,1985
15/08/2017,00:00,1910,1912,1849,1850,1254
16/08/2017,00:00,1858,1883,1829,1836,1343
17/08/2017,00:00,1848,1883,1833,1879,1311
18/08/2017,00:00,1878,1914,1860,1873,1496
21/08/2017,00:00,1879,1906,1845,1887,1364
22/08/2017,00:00,1886,1894,1867,1872,963
23/08/2017,00:00,1860,1882,1850,1865,1109
24/08/2017,00:00,1854,1906,1854,1902,1281
25/08/2017,00:00,1903,1942,1902,1908,1224
28/08/2017,00:00,1910,2000,1906,1996,1039
29/08/2017,00:00,1999,2007,1943,1944,1264
30/08/2017,00:00,1949,1956,1882,1939,1797
31/08/2017,00:00,1929,1938,1895,1921,1431
01/09/2017,00:00,1923,1969,1920,1947,1651
05/09/2017,00:00,1945,1980,1940,1946,1505
06/09/2017,00:00,1947,1948,1887,1914,1650
07/09/2017,00:00,1906,1927,1896,1900,1494
08/09/2017,00:00,1901,1941,1893,1937,1500
11/09/2017,00:00,1933,1941,1911,1935,1607
12/09/2017,00:00,1941,1956,1919,1955,1343
13/09/2017,00:00,1954,1993,1949,1987,1443
14/09/2017,00:00,1993,2010,1920,1957,1684
15/09/2017,00:00,1962,2015,1955,1999,1508
18/09/2017,00:00,1997,2020,1957,1967,1288
19/09/2017,00:00,1965,1994,1944,1959,1197
20/09/2017,00:00,1967,2006,1963,2005,1093
21/09/2017,00:00,1997,2026,1982,2022,1171
22/09/2017,00:00,2025,2045,1972,1977,1630
25/09/2017,00:00,1976,2015,1962,1973,1417
26/09/2017,00:00,1972,1989,1960,1972,1028
27/09/2017,00:00,1975,2019,1970,2017,1290
28/09/2017,00:00,2011,2029,1973,1975,1485
29/09/2017,00:00,1974,2055,1967,2055,1367
02/10/2017,00:00,2040,2051,1983,2046,1787
03/10/2017,00:00,2036,2086,2020,2070,2130
04/10/2017,00:00,2090,2100,2062,2077,2068
05/10/2017,00:00,2080,2090,2054,2086,1586
06/10/2017,00:00,2087,2090,2059,2079,1379
09/10/2017,00:00,2088,2097,1999,2011,1835
10/10/2017,00:00,2020,2060,2015,2044,1302
11/10/2017,00:00,2057,2115,2045,2113,1779
12/10/2017,00:00,2117,2118,2076,2099,1646
13/10/2017,00:00,2110,2114,2066,2084,1929
16/10/2017,00:00,2083,2090,2037,2048,1566
17/10/2017,00:00,2045,2072,2027,2062,1506
18/10/2017,00:00,2065,2085,2056,2067,1777
19/10/2017,00:00,2062,2150,2058,2145,1828
20/10/2017,00:00,2151,2156,2121,2124,2124
23/10/2017,00:00,2132,2145,2104,2118,2005
24/10/2017,00:00,2116,2126,2076,2084,1443
25/10/2017,00:00,2082,2111,2063,2084,1718
26/10/2017,00:00,2082,2132,2077,2129,1531
27/10/2017,00:00,2120,2124,2090,2117,1724
30/10/2017,00:00,2116,2119,2073,2116,1434
31/10/2017,00:00,2115,2118,2089,2092,993
01/11/2017,00:00,2090,2139,2084,2119,1299
02/11/2017,00:00,2120,2126,2047,2052,1609
03/11/2017,00:00,2056,2063,2034,2049,1530
06/11/2017,00:00,2057,2120,2051,2116,1318
07/11/2017,00:00,2121,2181,2103,2178,1155
08/11/2017,00:00,2177,2227,2164,2212,1974
09/11/2017,00:00,2219,2222,2179,2187,1611
10/11/2017,00:00,2193,2235,2185,2222,2113
13/11/2017,00:00,2204,2213,2177,2201,1128
14/11/2017,00:00,2196,2203,2151,2164,1076
15/11/2017,00:00,2159,2159,2109,2141,1403
16/11/2017,00:00,2134,2149,2132,2142,681
17/11/2017,00:00,2144,2146,2111,2119,1055
20/11/2017,00:00,2116,2119,2080,2091,854
21/11/2017,00:00,2091,2115,2086,2107,896
22/11/2017,00:00,2120,2130,2108,2117,794
24/11/2017,00:00,2106,2119,2083,2104,850
27/11/2017,00:00,2107,2112,2061,2073,1163
28/11/2017,00:00,2066,2070,2040,2043,1249
29/11/2017,00:00,2046,2117,2040,2103,1408
30/11/2017,00:00,2107,2108,2046,2049,1588
01/12/2017,00:00,2040,2048,2011,2033,1467
04/12/2017,00:00,2032,2038,1994,1996,997
05/12/2017,00:00,1995,2000,1910,1934,1609
06/12/2017,00:00,1936,1939,1903,1904,1088
07/12/2017,00:00,1911,1929,1867,1878,1620
08/12/2017,00:00,1876,1915,1863,1911,2002
11/12/2017,00:00,1905,1952,1900,1916,1638
12/12/2017,00:00,1909,1922,1862,1875,1155
13/12/2017,00:00,1874,1903,1851,1899,1319
14/12/2017,00:00,1885,1907,1875,1889,943
15/12/2017,00:00,1890,1901,1870,1898,878
18/12/2017,00:00,1897,1935,1880,1920,1173
19/12/2017,00:00,1912,1926,1893,1901,1294
20/12/2017,00:00,1911,1931,1894,1914,1155
21/12/2017,00:00,1913,1916,1861,1899,1382
22/12/2017,00:00,1879,1893,1802,1809,1428
26/12/2017,00:00,1807,1866,1807,1862,741
27/12/2017,00:00,1865,1890,1840,1886,1536
28/12/2017,00:00,1879,1926,1875,1894,1421
29/12/2017,00:00,1895,1916,1876,1886,1129
02/01/2018,00:00,1898,1945,1862,1940,1564
03/01/2018,00:00,1938,1941,1886,1887,1553
04/01/2018,00:00,1881,1908,1834,1884,2025
05/01/2018,00:00,1885,1902,1864,1890,1491
08/01/2018,00:00,1878,1916,1868,1903,1253
09/01/2018,00:00,1908,1938,1890,1892,1258
10/01/2018,00:00,1904,1953,1899,1941,1286
11/01/2018,00:00,1946,1957,1913,1918,1233
12/01/2018,00:00,1924,1941,1893,1920,1655
16/01/2018,00:00,1947,1947,1900,1931,1440
17/01/2018,00:00,1930,1996,1924,1996,1630
18/01/2018,00:00,1992,2009,1971,1975,1442
19/01/2018,00:00,1961,1967,1915,1925,1654
22/01/2018,00:00,1931,1973,1920,1945,1277
23/01/2018,00:00,1946,1969,1922,1932,1207
24/01/2018,00:00,1937,1962,1907,1950,1547
25/01/2018,00:00,1951,1988,1943,1960,1458
26/01/2018,00:00,1960,1996,1948,1994,1548
29/01/2018,00:00,1987,2001,1933,1944,1568
30/01/2018,00:00,1942,1986,1941,1963,1157
31/01/2018,00:00,1977,2010,1973,1987,1448
01/02/2018,00:00,1994,2034,1985,2034,1325
02/02/2018,00:00,2026,2061,2013,2048,1363
05/02/2018,00:00,2052,2066,2033,2040,1043
06/02/2018,00:00,2042,2055,2011,2041,1168
07/02/2018,00:00,2042,2063,1987,1990,1837
08/02/2018,00:00,1997,2044,1996,2026,1822
09/02/2018,00:00,2030,2037,1990,2029,1478
12/02/2018,00:00,2026,2038,1951,1969,1486
13/02/2018,00:00,1973,2011,1965,2008,1802
14/02/2018,00:00,2009,2097,1991,2076,1237
15/02/2018,00:00,2075,2143,2075,2133,2645
16/02/2018,00:00,2142,2156,2110,2110,2502
20/02/2018,00:00,2120,2150,2116,2142,1021
21/02/2018,00:00,2132,2174,2123,2147,982
22/02/2018,00:00,2152,2174,2140,2142,1202
23/02/2018,00:00,2153,2203,2148,2203,1248
26/02/2018,00:00,2200,2219,2159,2219,1499
27/02/2018,00:00,2213,2231,2194,2216,1541
28/02/2018,00:00,2222,2224,2178,2210,1549
01/03/2018,00:00,2209,2277,2195,2263,2097
02/03/2018,00:00,2275,2337,2249,2321,2249
05/03/2018,00:00,2335,2455,2329,2417,2805
06/03/2018,00:00,2416,2467,2403,2439,2541
07/03/2018,00:00,2442,2466,2423,2436,2143
08/03/2018,00:00,2431,2519,2426,2487,2630
09/03/2018,00:00,2507,2537,2442,2447,2764
12/03/2018,00:00,2476,2564,2453,2543,2773
13/03/2018,00:00,2544,2557,2520,2534,2541
14/03/2018,00:00,2525,2576,2517,2542,2547
15/03/2018,00:00,2548,2569,2508,2529,2517
16/03/2018,00:00,2532,2545,2514,2523,1970
19/03/2018,00:00,2531,2560,2438,2457,2661
20/03/2018,00:00,2431,2514,2429,2492,2445
21/03/2018,00:00,2501,2539,2471,2536,1996
22/03/2018,00:00,2551,2565,2505,2529,2108
23/03/2018,00:00,2530,2633,2509,2629,2373
26/03/2018,00:00,2618,2641,2598,2633,1829
27/03/2018,00:00,2616,2619,2533,2565,2126
28/03/2018,00:00,2568,2601,2489,2579,2999
29/03/2018,00:00,2574,2606,2544,2559,2604