20/01/2010,00:00,92.02,92.49,90.42,90.61,274
21/01/2010,00:00,91.25,91.95,88.92,89.17,399
22/01/2010,00:00,88.47,89.27,85.75,86.54,512
25/01/2010,00:00,85.68,88.80,85.33,87.85,478
26/01/2010,00:00,87.00,88.16,84.95,85.95,538
27/01/2010,00:00,85.61,88.00,85.07,86.44,504
28/01/2010,00:00,88.00,88.75,86.50,87.25,376
29/01/2010,00:00,86.44,89.00,86.01,88.45,398
01/02/2010,00:00,87.60,88.50,86.85,87.82,309
02/02/2010,00:00,88.40,91.50,87.34,88.07,800
03/02/2010,00:00,88.70,89.80,87.00,88.16,507
04/02/2010,00:00,88.10,88.47,84.33,84.71,490
05/02/2010,00:00,83.20,84.88,80.89,83.06,785
08/02/2010,00:00,83.00,84.05,79.01,79.28,637
09/02/2010,00:00,80.00,87.56,78.10,80.31,1862
10/02/2010,00:00,81.00,83.44,79.42,81.28,777
11/02/2010,00:00,83.00,83.82,80.02,82.63,724
12/02/2010,00:00,83.40,83.70,79.28,79.97,542
15/02/2010,00:00,80.02,81.30,78.90,80.24,459
16/02/2010,00:00,81.02,83.30,80.45,83.14,359
17/02/2010,00:00,83.86,84.05,81.66,82.59,352
18/02/2010,00:00,82.00,83.12,78.35,79.86,741
19/02/2010,00:00,78.02,80.60,76.58,79.31,676
24/02/2010,00:00,78.55,79.82,75.40,76.10,640
25/02/2010,00:00,75.61,76.99,73.23,74.96,688
26/02/2010,00:00,75.65,76.10,74.54,75.09,257
01/03/2010,00:00,77.00,83.00,76.35,80.25,1006
02/03/2010,00:00,80.06,83.09,78.50,82.51,674
03/03/2010,00:00,82.44,83.64,80.91,83.23,468
04/03/2010,00:00,82.25,83.60,81.40,82.95,371
05/03/2010,00:00,83.59,87.40,80.75,87.09,981
09/03/2010,00:00,87.00,89.65,86.40,89.40,411
10/03/2010,00:00,89.15,90.10,80.00,87.21,1827
11/03/2010,00:00,87.00,88.67,86.44,87.36,411
12/03/2010,00:00,88.02,89.70,87.24,89.14,381
15/03/2010,00:00,88.30,89.63,87.63,87.96,367
16/03/2010,00:00,88.44,89.30,87.70,88.95,270
17/03/2010,00:00,90.00,90.47,88.76,89.43,286
18/03/2010,00:00,89.03,90.92,88.38,89.72,440
19/03/2010,00:00,90.10,90.48,87.82,88.10,333
22/03/2010,00:00,87.50,88.31,85.87,86.43,382
23/03/2010,00:00,87.03,90.00,85.11,85.90,866
24/03/2010,00:00,86.50,90.00,79.65,86.92,2029
25/03/2010,00:00,86.73,87.40,85.30,85.99,347
26/03/2010,00:00,86.00,90.50,84.47,84.63,1070
29/03/2010,00:00,84.50,86.05,82.01,85.42,717
30/03/2010,00:00,85.85,88.00,84.33,85.10,660
31/03/2010,00:00,84.88,90.00,84.45,85.83,1016
01/04/2010,00:00,86.40,92.00,85.64,87.72,1141
02/04/2010,00:00,88.00,88.86,85.85,88.17,586
05/04/2010,00:00,88.50,88.82,87.62,88.57,234
06/04/2010,00:00,88.50,89.14,85.03,88.59,814
07/04/2010,00:00,88.60,88.95,86.30,86.48,319
08/04/2010,00:00,86.00,87.12,84.40,84.90,435
09/04/2010,00:00,85.47,87.85,85.03,86.85,427
12/04/2010,00:00,87.75,88.00,85.84,86.46,304
13/04/2010,00:00,85.73,88.26,85.63,87.24,376
14/04/2010,00:00,88.10,89.48,87.29,89.18,331
15/04/2010,00:00,89.70,90.27,88.63,89.30,289
16/04/2010,00:00,88.67,89.89,86.75,87.06,468
19/04/2010,00:00,85.60,87.26,82.81,85.23,854
20/04/2010,00:00,85.98,87.37,85.29,86.63,352
21/04/2010,00:00,87.20,88.00,84.90,85.54,455
22/04/2010,00:00,85.00,86.35,83.24,84.31,554
23/04/2010,00:00,85.00,86.01,83.40,84.42,465
26/04/2010,00:00,85.45,89.97,84.52,84.69,1015
27/04/2010,00:00,84.33,84.90,82.32,82.94,378
28/04/2010,00:00,81.00,84.05,78.92,79.47,874
29/04/2010,00:00,80.16,81.19,78.73,80.88,421
30/04/2010,00:00,81.01,84.03,77.82,78.67,1009
04/05/2010,00:00,79.20,80.09,75.46,75.58,565
05/05/2010,00:00,75.16,77.44,73.50,75.07,780
06/05/2010,00:00,74.79,76.99,71.98,74.00,924
07/05/2010,00:00,70.96,73.93,67.03,70.41,1326
11/05/2010,00:00,73.60,75.10,70.63,74.72,783
12/05/2010,00:00,74.30,82.30,70.03,81.98,1687
13/05/2010,00:00,82.73,84.73,78.00,80.75,1149
14/05/2010,00:00,79.80,82.92,76.92,77.24,945
17/05/2010,00:00,75.30,77.67,74.85,76.71,424
18/05/2010,00:00,76.99,78.28,75.39,77.05,573
19/05/2010,00:00,75.50,81.50,73.00,73.82,1533
20/05/2010,00:00,74.00,75.30,69.23,70.01,816
21/05/2010,00:00,70.50,71.74,67.16,69.17,784
24/05/2010,00:00,71.00,71.71,69.13,70.14,431
25/05/2010,00:00,67.40,71.87,63.81,64.41,1314
26/05/2010,00:00,66.19,70.25,64.40,68.71,919
27/05/2010,00:00,69.35,71.76,66.30,70.65,963
28/05/2010,00:00,71.20,72.07,67.35,70.46,871
31/05/2010,00:00,70.27,71.43,66.65,71.05,879
01/06/2010,00:00,70.40,71.60,68.00,70.89,672
02/06/2010,00:00,69.51,71.26,68.92,70.96,324
03/06/2010,00:00,73.00,73.26,69.00,72.19,772
04/06/2010,00:00,72.30,73.53,69.50,70.20,597
07/06/2010,00:00,67.65,71.74,67.40,71.02,532
08/06/2010,00:00,71.99,72.49,70.18,70.92,356
09/06/2010,00:00,71.72,72.57,70.63,71.75,386
10/06/2010,00:00,72.06,73.35,70.77,73.26,397
11/06/2010,00:00,73.75,73.80,71.35,72.22,338
15/06/2010,00:00,72.65,76.00,71.95,75.92,484
16/06/2010,00:00,77.00,77.97,75.31,76.77,510
17/06/2010,00:00,76.36,79.74,75.00,78.40,745
18/06/2010,00:00,78.88,80.30,77.43,80.10,453
21/06/2010,00:00,82.00,84.56,80.09,83.99,696
22/06/2010,00:00,83.01,84.09,81.03,82.45,557
23/06/2010,00:00,81.51,83.05,80.45,80.91,461
24/06/2010,00:00,81.75,83.00,79.93,80.32,472
25/06/2010,00:00,80.01,80.50,77.70,77.98,358
28/06/2010,00:00,78.52,80.70,73.00,80.13,1380
29/06/2010,00:00,79.00,80.62,76.44,77.55,692
30/06/2010,00:00,77.10,78.43,76.05,76.68,435
01/07/2010,00:00,75.01,76.95,71.79,72.00,732
02/07/2010,00:00,73.19,74.42,71.50,73.00,566
05/07/2010,00:00,73.06,73.79,72.53,73.34,225
06/07/2010,00:00,74.15,76.77,73.20,76.67,463
07/07/2010,00:00,75.67,77.53,74.05,77.46,518
08/07/2010,00:00,78.90,79.45,77.13,77.49,324
09/07/2010,00:00,78.20,78.59,76.00,77.51,450
12/07/2010,00:00,77.00,80.25,76.95,79.78,383
13/07/2010,00:00,79.40,82.70,75.80,82.36,1085
14/07/2010,00:00,83.00,83.47,78.90,82.15,830
15/07/2010,00:00,82.22,84.27,80.55,80.75,598
16/07/2010,00:00,81.10,81.75,78.43,79.05,460
19/07/2010,00:00,78.65,80.83,76.98,80.24,612
20/07/2010,00:00,81.20,82.77,78.69,79.85,682
21/07/2010,00:00,80.70,82.26,79.86,81.80,371
22/07/2010,00:00,81.00,84.05,80.28,83.89,466
23/07/2010,00:00,84.00,84.20,82.36,83.12,281
26/07/2010,00:00,84.10,84.98,83.07,84.15,378
27/07/2010,00:00,84.22,85.74,83.55,84.73,388
28/07/2010,00:00,84.90,85.60,83.81,84.17,286
29/07/2010,00:00,84.50,86.70,83.95,86.46,355
30/07/2010,00:00,85.90,86.17,81.00,84.45,890
02/08/2010,00:00,85.40,86.84,84.53,86.65,338
03/08/2010,00:00,86.85,87.00,85.43,85.77,207
04/08/2010,00:00,85.45,86.73,84.60,85.76,396
05/08/2010,00:00,85.91,86.30,83.93,84.35,319
06/08/2010,00:00,84.80,86.31,82.46,82.86,577
09/08/2010,00:00,83.50,84.20,82.25,83.55,386
10/08/2010,00:00,83.10,84.07,81.62,82.66,447
11/08/2010,00:00,81.94,83.49,80.52,80.85,486
12/08/2010,00:00,80.22,81.68,79.84,81.02,289
13/08/2010,00:00,82.00,82.28,79.92,80.82,355
16/08/2010,00:00,81.15,81.39,79.01,80.03,365
17/08/2010,00:00,80.40,81.47,79.80,81.32,243
18/08/2010,00:00,81.16,81.97,79.81,80.71,388
19/08/2010,00:00,81.15,81.75,79.31,79.43,317
20/08/2010,00:00,79.40,79.92,78.04,78.35,272
23/08/2010,00:00,78.49,78.96,77.27,78.05,295
24/08/2010,00:00,77.40,78.02,75.20,75.36,361
25/08/2010,00:00,75.20,76.45,73.55,73.94,455
26/08/2010,00:00,74.99,76.75,74.06,76.54,384
27/08/2010,00:00,76.05,77.35,74.20,77.12,524
30/08/2010,00:00,78.00,79.97,76.98,77.28,527
31/08/2010,00:00,76.03,78.45,75.72,78.30,320
01/09/2010,00:00,78.55,80.56,77.50,80.46,422
02/09/2010,00:00,80.43,81.25,79.94,80.55,251
03/09/2010,00:00,80.70,82.35,80.27,81.68,319
06/09/2010,00:00,82.11,82.40,80.40,81.80,370
07/09/2010,00:00,81.36,81.86,79.77,80.01,284
08/09/2010,00:00,79.66,82.31,79.42,82.19,326
09/09/2010,00:00,82.02,84.50,81.78,83.65,382
10/09/2010,00:00,83.35,84.19,82.73,83.27,285
13/09/2010,00:00,84.61,86.00,83.57,84.62,486
14/09/2010,00:00,84.23,85.86,83.97,84.47,355
15/09/2010,00:00,84.23,84.67,83.37,84.40,244
16/09/2010,00:00,84.00,84.80,82.83,82.93,288
17/09/2010,00:00,83.72,84.10,82.05,82.12,251
20/09/2010,00:00,82.50,83.43,81.65,83.39,268
21/09/2010,00:00,83.50,84.32,80.50,83.78,737
22/09/2010,00:00,83.87,84.07,80.74,82.77,557
23/09/2010,00:00,82.85,84.37,82.66,84.24,204
24/09/2010,00:00,83.90,85.00,81.50,84.79,612
27/09/2010,00:00,85.25,85.49,83.41,83.55,247
28/09/2010,00:00,83.26,84.80,82.54,83.09,436
29/09/2010,00:00,83.45,84.62,83.13,83.91,253
30/09/2010,00:00,83.70,86.15,83.61,86.02,277
01/10/2010,00:00,85.90,89.92,85.72,88.99,532
04/10/2010,00:00,89.30,90.80,88.95,89.93,308
05/10/2010,00:00,89.80,92.05,82.71,91.98,1651
06/10/2010,00:00,92.51,92.99,90.71,91.17,323
07/10/2010,00:00,91.48,91.72,90.09,90.47,226
08/10/2010,00:00,90.22,90.57,89.15,90.44,263
11/10/2010,00:00,90.98,91.80,90.60,91.58,181
12/10/2010,00:00,90.90,91.81,90.07,90.97,342
13/10/2010,00:00,91.61,92.54,90.73,91.33,335
14/10/2010,00:00,91.80,92.50,90.94,91.47,280
15/10/2010,00:00,91.21,92.53,90.53,92.36,286
18/10/2010,00:00,92.00,95.10,80.38,94.99,2646
19/10/2010,00:00,95.09,97.35,91.00,95.43,1237
20/10/2010,00:00,94.97,97.82,94.35,97.54,438
21/10/2010,00:00,97.86,103.50,69.42,103.29,6274
22/10/2010,00:00,103.40,104.44,90.20,101.91,2700
25/10/2010,00:00,103.50,104.20,102.14,102.36,299
26/10/2010,00:00,102.00,106.00,99.79,101.57,1200
27/10/2010,00:00,101.22,101.50,99.67,99.82,227
28/10/2010,00:00,100.47,101.09,99.16,99.39,279
29/10/2010,00:00,99.04,101.87,98.35,101.34,475
01/11/2010,00:00,102.37,103.06,101.00,101.87,363
02/11/2010,00:00,102.20,109.00,101.73,102.47,1428
03/11/2010,00:00,102.59,103.75,102.38,103.30,204
08/11/2010,00:00,105.58,106.97,81.61,103.94,4909
09/11/2010,00:00,103.75,105.97,103.07,103.73,579
10/11/2010,00:00,102.98,103.73,100.20,100.56,465
11/11/2010,00:00,101.38,101.44,97.53,98.35,480
12/11/2010,00:00,97.11,98.48,95.86,97.48,488
15/11/2010,00:00,98.17,99.51,97.52,99.22,294
16/11/2010,00:00,98.24,102.29,86.98,95.20,2759
17/11/2010,00:00,94.74,97.76,94.69,97.27,362
18/11/2010,00:00,98.20,99.71,96.75,99.52,461
19/11/2010,00:00,99.75,99.97,97.77,98.65,331
22/11/2010,00:00,99.74,100.71,98.90,99.17,306
23/11/2010,00:00,98.31,99.34,97.35,98.40,390
24/11/2010,00:00,98.97,101.55,97.67,101.20,554
25/11/2010,00:00,101.40,103.10,100.78,102.64,341
26/11/2010,00:00,102.00,102.68,99.95,101.43,490
29/11/2010,00:00,102.26,103.01,100.10,100.76,433
30/11/2010,00:00,101.00,101.95,99.62,101.75,392
01/12/2010,00:00,102.11,103.77,101.59,103.43,305
02/12/2010,00:00,103.99,104.31,101.60,103.68,512
03/12/2010,00:00,103.75,104.00,102.08,102.99,309
06/12/2010,00:00,103.49,105.93,102.95,105.71,375
07/12/2010,00:00,106.00,108.30,105.73,107.32,383
08/12/2010,00:00,106.53,108.90,104.65,104.78,676
09/12/2010,00:00,106.00,106.26,104.50,104.62,215
10/12/2010,00:00,104.96,108.47,103.95,104.87,896
13/12/2010,00:00,105.84,107.99,104.50,107.42,541
14/12/2010,00:00,107.16,108.10,106.31,107.30,345
15/12/2010,00:00,106.99,108.25,105.94,107.67,395
16/12/2010,00:00,107.00,107.96,106.00,106.24,317
17/12/2010,00:00,106.80,107.17,105.44,105.65,232
20/12/2010,00:00,105.50,106.40,105.11,105.45,254
21/12/2010,00:00,106.16,106.84,105.68,106.76,173
22/12/2010,00:00,106.95,107.64,106.66,106.85,187
23/12/2010,00:00,107.01,107.25,106.52,106.99,145
24/12/2010,00:00,107.08,108.18,105.85,106.19,378
27/12/2010,00:00,106.25,106.93,92.00,105.15,2877
28/12/2010,00:00,105.35,108.10,100.40,104.53,1459
29/12/2010,00:00,104.82,105.06,103.25,104.26,307
30/12/2010,00:00,104.39,104.75,103.50,104.36,248
11/01/2011,00:00,105.00,105.67,102.50,103.83,518
12/01/2011,00:00,104.50,107.15,103.87,107.08,399
13/01/2011,00:00,107.35,108.87,106.04,107.44,558
14/01/2011,00:00,107.10,108.13,106.54,107.17,312
17/01/2011,00:00,107.32,109.88,107.15,109.53,326
18/01/2011,00:00,109.57,110.95,107.80,108.16,490
19/01/2011,00:00,108.90,109.18,107.37,107.86,259
20/01/2011,00:00,106.85,107.75,105.15,105.33,369
21/01/2011,00:00,105.50,106.25,99.50,105.74,1327
24/01/2011,00:00,106.02,106.02,102.61,103.95,476
25/01/2011,00:00,104.40,106.63,104.14,105.99,340
26/01/2011,00:00,106.55,108.65,105.77,108.52,380
27/01/2011,00:00,109.00,109.92,107.16,107.52,405
28/01/2011,00:00,107.36,108.44,106.17,106.36,355
31/01/2011,00:00,105.79,106.65,104.06,105.83,515
01/02/2011,00:00,106.45,107.07,105.17,106.34,370
02/02/2011,00:00,107.00,107.35,103.53,104.35,500
03/02/2011,00:00,104.41,105.50,102.29,103.85,587
04/02/2011,00:00,104.35,104.78,95.39,102.75,1719
07/02/2011,00:00,103.36,103.56,101.25,103.27,454
08/02/2011,00:00,103.10,105.50,100.51,101.57,846
09/02/2011,00:00,101.60,102.23,99.25,99.83,420
10/02/2011,00:00,99.80,99.95,95.03,96.45,650
11/02/2011,00:00,96.42,101.64,96.20,101.04,627
14/02/2011,00:00,102.00,103.09,100.83,101.28,381
15/02/2011,00:00,101.49,102.92,99.32,99.62,534
16/02/2011,00:00,100.00,101.85,98.65,100.83,558
17/02/2011,00:00,101.65,102.85,100.15,100.83,459
18/02/2011,00:00,101.20,101.95,99.84,100.70,373
21/02/2011,00:00,100.82,102.00,99.82,100.49,404
22/02/2011,00:00,99.50,100.58,97.24,98.55,574
24/02/2011,00:00,97.20,98.69,95.45,97.13,642
25/02/2011,00:00,98.18,100.39,97.10,100.23,454
28/02/2011,00:00,100.82,102.47,99.87,102.09,394
01/03/2011,00:00,102.50,103.00,99.62,99.90,417
02/03/2011,00:00,99.00,99.98,97.85,99.45,382
03/03/2011,00:00,100.20,102.35,99.00,101.91,500
04/03/2011,00:00,102.40,102.59,97.80,100.53,772
09/03/2011,00:00,101.85,103.48,101.43,102.76,320
10/03/2011,00:00,102.00,104.67,99.42,99.67,818
11/03/2011,00:00,99.00,101.50,97.25,98.74,825
14/03/2011,00:00,97.94,99.80,96.85,97.11,508
15/03/2011,00:00,95.25,99.48,93.71,95.00,1130
16/03/2011,00:00,96.01,97.17,93.91,94.53,505
17/03/2011,00:00,95.00,98.30,93.00,98.03,758
18/03/2011,00:00,99.00,100.30,97.79,99.99,404
21/03/2011,00:00,100.99,101.56,99.52,100.42,352
22/03/2011,00:00,100.70,101.50,98.50,100.41,572
23/03/2011,00:00,100.00,101.22,99.50,101.11,234
24/03/2011,00:00,101.19,105.15,98.70,105.07,903
25/03/2011,00:00,105.18,107.15,105.10,106.99,230
28/03/2011,00:00,107.21,107.21,105.45,106.47,279
29/03/2011,00:00,106.32,107.65,105.57,106.23,408
30/03/2011,00:00,106.35,107.95,106.35,106.92,264
31/03/2011,00:00,107.02,107.60,99.50,106.79,1598
01/04/2011,00:00,106.74,109.10,106.43,108.71,338
04/04/2011,00:00,108.99,109.55,108.04,108.58,262
05/04/2011,00:00,108.52,108.60,105.88,106.92,385
06/04/2011,00:00,106.94,108.36,106.66,107.89,246
07/04/2011,00:00,107.87,108.08,106.42,106.65,211
08/04/2011,00:00,107.07,109.17,106.67,109.06,302
11/04/2011,00:00,109.37,109.76,106.84,108.43,491
12/04/2011,00:00,108.57,108.57,104.56,104.84,430
13/04/2011,00:00,104.97,106.47,103.64,106.16,448
14/04/2011,00:00,106.38,106.74,103.80,106.43,584
15/04/2011,00:00,106.52,107.20,105.06,106.04,381
18/04/2011,00:00,106.19,106.19,99.77,100.07,673
19/04/2011,00:00,100.43,102.12,100.00,101.47,321
20/04/2011,00:00,101.70,103.68,101.70,102.79,288
21/04/2011,00:00,102.93,103.97,101.91,102.57,377
22/04/2011,00:00,102.75,104.37,102.61,103.97,231
25/04/2011,00:00,104.19,104.58,101.55,101.81,369
26/04/2011,00:00,101.92,102.33,99.91,101.41,434
27/04/2011,00:00,101.59,102.37,100.00,100.24,340
28/04/2011,00:00,100.26,102.09,99.26,101.01,492
29/04/2011,00:00,101.20,101.30,99.36,99.95,264
03/05/2011,00:00,100.36,100.36,97.55,97.92,319
04/05/2011,00:00,97.79,99.56,96.04,96.34,560
05/05/2011,00:00,96.50,99.98,95.16,95.57,872
06/05/2011,00:00,95.70,98.29,94.50,98.15,514
10/05/2011,00:00,98.56,99.27,97.16,97.38,305
11/05/2011,00:00,97.44,98.75,96.50,96.64,371
12/05/2011,00:00,96.41,98.50,95.15,96.61,651
13/05/2011,00:00,96.79,98.40,96.79,97.88,214
16/05/2011,00:00,98.26,98.47,96.75,98.06,325
17/05/2011,00:00,99.00,106.51,95.89,96.38,1863
18/05/2011,00:00,96.20,97.77,96.16,97.15,228
19/05/2011,00:00,97.26,106.51,96.41,96.59,1954
20/05/2011,00:00,96.70,97.13,93.93,94.04,375
23/05/2011,00:00,94.27,94.27,91.50,91.63,291
24/05/2011,00:00,91.74,93.94,91.74,93.65,250
25/05/2011,00:00,93.71,95.30,92.25,95.23,459
26/05/2011,00:00,95.34,96.19,94.33,95.64,343
27/05/2011,00:00,95.78,97.35,95.78,96.94,199
30/05/2011,00:00,97.34,97.66,96.65,97.32,201
31/05/2011,00:00,97.48,98.95,95.50,97.61,678
01/06/2011,00:00,97.67,98.45,95.55,96.65,479
02/06/2011,00:00,96.81,97.04,95.26,96.90,348
03/06/2011,00:00,96.99,97.30,94.19,95.19,443
06/06/2011,00:00,95.26,96.84,93.26,95.92,651
07/06/2011,00:00,95.98,97.11,95.39,96.30,313
08/06/2011,00:00,96.33,96.67,94.51,95.97,397
09/06/2011,00:00,95.98,99.42,95.53,99.28,449
10/06/2011,00:00,99.30,99.32,94.00,97.54,889
14/06/2011,00:00,97.87,98.59,97.21,97.66,256
15/06/2011,00:00,97.78,100.00,97.06,97.65,576
16/06/2011,00:00,97.78,100.00,95.62,96.98,797
17/06/2011,00:00,97.05,97.05,95.25,95.51,207
20/06/2011,00:00,95.57,96.08,94.30,94.88,288
21/06/2011,00:00,94.84,96.60,94.84,96.04,233
22/06/2011,00:00,96.13,96.29,94.70,95.69,275
23/06/2011,00:00,95.82,96.10,93.86,94.19,286
24/06/2011,00:00,94.27,97.20,94.27,97.04,310
27/06/2011,00:00,97.39,97.39,95.67,96.50,256
28/06/2011,00:00,96.62,99.25,96.54,99.06,299
29/06/2011,00:00,99.23,100.05,98.80,99.37,237
30/06/2011,00:00,99.55,100.25,94.70,100.06,1060
01/07/2011,00:00,100.08,104.85,96.48,104.60,1223
04/07/2011,00:00,104.74,105.30,104.17,104.75,226
05/07/2011,00:00,104.80,105.44,103.91,104.23,250
06/07/2011,00:00,104.38,104.98,103.25,104.40,345
07/07/2011,00:00,104.44,107.70,104.44,107.63,334
08/07/2011,00:00,107.70,107.70,104.90,105.20,311
11/07/2011,00:00,105.51,105.51,102.31,102.41,331
12/07/2011,00:00,102.54,102.73,100.81,102.53,384
13/07/2011,00:00,102.63,104.00,102.01,103.94,268
14/07/2011,00:00,103.97,104.96,102.50,104.40,450
15/07/2011,00:00,104.39,105.89,103.35,105.56,392
18/07/2011,00:00,105.70,105.70,101.00,101.19,490
19/07/2011,00:00,101.38,102.99,101.01,102.43,292
20/07/2011,00:00,102.42,105.93,101.68,101.78,787
21/07/2011,00:00,101.98,103.14,99.86,102.97,558
22/07/2011,00:00,103.11,103.87,101.44,101.85,361
25/07/2011,00:00,102.04,102.82,100.14,102.73,468
26/07/2011,00:00,102.70,103.47,101.70,102.29,314
27/07/2011,00:00,102.29,103.09,101.53,101.63,247
28/07/2011,00:00,101.70,102.84,100.98,102.74,269
29/07/2011,00:00,102.72,102.72,100.92,101.66,255
01/08/2011,00:00,101.99,104.10,100.50,102.94,626
02/08/2011,00:00,102.83,103.00,101.72,102.52,226
03/08/2011,00:00,102.55,102.55,99.21,99.42,356
04/08/2011,00:00,99.55,100.78,98.51,98.67,367
05/08/2011,00:00,98.68,100.72,94.12,96.04,1057
08/08/2011,00:00,96.09,96.80,89.39,89.84,858
09/08/2011,00:00,89.84,97.00,81.74,91.44,2893
10/08/2011,00:00,91.64,94.00,84.03,85.30,1361
11/08/2011,00:00,84.98,88.18,79.21,84.34,1731
12/08/2011,00:00,84.20,94.72,81.72,85.81,2440
15/08/2011,00:00,86.70,88.39,85.76,88.09,388
16/08/2011,00:00,88.02,88.02,84.53,86.45,542
17/08/2011,00:00,86.66,87.45,85.12,86.99,434
18/08/2011,00:00,86.76,102.17,81.41,81.62,3639
19/08/2011,00:00,81.18,90.98,75.95,78.83,2772
22/08/2011,00:00,78.97,80.85,76.12,79.04,940
23/08/2011,00:00,78.50,80.73,75.58,77.26,907
24/08/2011,00:00,77.77,99.48,75.87,77.97,4703
25/08/2011,00:00,77.93,81.53,77.00,78.95,805
26/08/2011,00:00,79.57,79.86,76.25,77.59,525
29/08/2011,00:00,78.29,101.50,78.29,81.61,4311
30/08/2011,00:00,82.00,83.55,77.56,82.15,1184
31/08/2011,00:00,82.38,85.05,82.20,84.81,328
01/09/2011,00:00,84.70,100.00,82.81,85.15,3394
02/09/2011,00:00,83.81,84.35,82.03,82.39,323
05/09/2011,00:00,81.49,82.30,79.90,80.29,361
06/09/2011,00:00,80.19,81.48,79.40,80.49,387
07/09/2011,00:00,81.70,84.42,80.81,83.74,519
08/09/2011,00:00,83.86,85.60,83.20,85.49,318
09/09/2011,00:00,85.08,85.60,82.90,83.09,342
12/09/2011,00:00,85.08,85.60,78.60,79.66,859
13/09/2011,00:00,80.95,81.31,78.35,80.32,530
14/09/2011,00:00,79.24,81.45,78.73,80.12,457
15/09/2011,00:00,80.50,82.90,80.50,80.96,435
16/09/2011,00:00,81.78,82.48,80.16,81.49,436
19/09/2011,00:00,80.90,81.10,79.71,80.21,210
20/09/2011,00:00,80.05,82.59,79.73,81.78,400
21/09/2011,00:00,81.60,82.29,80.86,81.50,277
22/09/2011,00:00,81.98,85.00,73.76,74.03,1454
23/09/2011,00:00,73.00,73.37,67.16,70.17,960
26/09/2011,00:00,69.87,73.50,63.50,69.25,1939
27/09/2011,00:00,70.11,72.85,68.97,72.56,532
28/09/2011,00:00,72.92,73.30,70.17,70.95,430
29/09/2011,00:00,70.35,75.74,69.00,74.82,902
30/09/2011,00:00,74.24,78.00,67.00,70.54,1831
03/10/2011,00:00,68.40,73.30,67.07,68.34,1241
04/10/2011,00:00,67.12,71.00,60.91,62.53,1560
05/10/2011,00:00,64.99,65.00,61.10,62.72,554
06/10/2011,00:00,63.86,66.20,63.37,65.78,375
07/10/2011,00:00,66.76,68.48,63.00,68.18,955
10/10/2011,00:00,68.77,70.60,67.04,70.30,560
11/10/2011,00:00,70.70,71.08,67.45,70.10,667
12/10/2011,00:00,69.75,74.69,69.61,74.22,570
13/10/2011,00:00,74.01,76.49,70.00,74.98,1202
14/10/2011,00:00,75.16,80.88,63.41,80.67,2944
17/10/2011,00:00,80.99,84.55,75.38,79.12,1648
18/10/2011,00:00,78.50,80.30,75.85,77.84,825
19/10/2011,00:00,79.13,81.76,78.09,80.67,581
20/10/2011,00:00,80.95,82.38,78.09,80.92,856
21/10/2011,00:00,81.50,82.17,79.87,81.85,426
24/10/2011,00:00,83.23,84.53,79.65,84.31,869
25/10/2011,00:00,84.30,85.00,80.71,82.21,650
26/10/2011,00:00,81.55,85.38,81.54,83.62,562
27/10/2011,00:00,85.23,86.95,83.74,85.30,636
28/10/2011,00:00,86.48,90.36,84.05,85.41,1156
31/10/2011,00:00,84.35,87.29,81.81,82.03,865
01/11/2011,00:00,80.46,81.85,62.50,77.11,3536
02/11/2011,00:00,77.70,83.27,76.40,78.95,1250
03/11/2011,00:00,77.60,83.27,75.85,80.92,1153
07/11/2011,00:00,81.04,82.68,80.08,82.36,389
08/11/2011,00:00,83.46,84.98,82.25,84.29,464
09/11/2011,00:00,85.00,86.09,78.68,78.93,876
10/11/2011,00:00,77.50,84.99,76.52,80.38,1407
11/11/2011,00:00,81.90,81.90,79.02,80.91,478
14/11/2011,00:00,81.90,82.43,79.68,80.35,396
15/11/2011,00:00,79.92,80.88,78.52,80.61,404
16/11/2011,00:00,79.60,81.10,79.00,79.82,399
17/11/2011,00:00,79.75,81.63,77.65,80.40,732
18/11/2011,00:00,78.95,80.65,78.33,80.10,350
21/11/2011,00:00,79.00,85.09,75.85,76.00,1549
22/11/2011,00:00,76.40,77.76,74.99,76.08,523
23/11/2011,00:00,75.00,77.50,74.42,76.71,446
24/11/2011,00:00,76.73,77.29,73.82,75.59,581
25/11/2011,00:00,75.30,85.67,73.75,78.46,2069
28/11/2011,00:00,80.00,83.07,79.00,82.98,517
29/11/2011,00:00,83.52,83.75,81.83,82.60,293
30/11/2011,00:00,82.10,87.69,79.50,87.55,1094
01/12/2011,00:00,88.63,90.87,78.00,87.71,2483
02/12/2011,00:00,88.15,91.28,86.50,89.52,820
05/12/2011,00:00,89.56,90.52,88.96,90.00,269
06/12/2011,00:00,90.29,90.42,85.75,86.16,522
07/12/2011,00:00,86.87,87.74,83.75,85.08,620
08/12/2011,00:00,85.59,87.84,85.30,86.01,467
09/12/2011,00:00,84.12,85.50,81.65,82.49,608
12/12/2011,00:00,83.51,84.80,79.17,79.93,769
13/12/2011,00:00,79.81,82.89,60.53,82.71,4183
14/12/2011,00:00,81.90,83.65,80.00,81.36,677
15/12/2011,00:00,79.90,82.55,79.39,82.29,394
16/12/2011,00:00,82.70,83.38,80.51,80.78,383
19/12/2011,00:00,80.10,82.68,78.92,81.63,600
20/12/2011,00:00,81.49,82.75,79.80,82.59,481
21/12/2011,00:00,83.46,84.00,79.00,80.29,684
22/12/2011,00:00,81.41,81.41,79.00,80.05,347
23/12/2011,00:00,80.60,81.10,79.65,79.86,217
26/12/2011,00:00,80.48,85.56,79.94,81.49,1024
27/12/2011,00:00,81.32,85.56,79.52,79.97,1074
28/12/2011,00:00,79.99,85.56,78.00,79.27,1441
29/12/2011,00:00,79.00,80.51,77.20,78.90,653
30/12/2011,00:00,79.03,80.02,78.00,79.35,373
03/01/2012,00:00,80.12,88.00,79.93,82.35,1392
04/01/2012,00:00,82.44,84.48,81.91,83.40,419
05/01/2012,00:00,83.52,84.44,82.05,82.56,383
06/01/2012,00:00,82.51,84.38,81.67,83.23,471
09/01/2012,00:00,82.60,84.22,82.42,83.83,238
10/01/2012,00:00,84.38,87.25,82.50,86.73,716
11/01/2012,00:00,86.25,86.91,84.34,84.89,379
12/01/2012,00:00,85.20,86.38,84.04,84.20,369
13/01/2012,00:00,84.61,85.15,83.53,83.69,233
16/01/2012,00:00,83.53,84.21,82.55,83.90,296
17/01/2012,00:00,84.81,85.65,84.19,84.65,277
18/01/2012,00:00,84.66,85.56,83.95,84.72,317
19/01/2012,00:00,85.00,86.04,84.76,85.66,191
20/01/2012,00:00,86.00,86.28,84.82,85.11,204
23/01/2012,00:00,84.95,85.67,83.82,85.01,365
24/01/2012,00:00,84.85,85.49,84.47,85.02,188
25/01/2012,00:00,85.60,87.87,85.50,87.08,327
26/01/2012,00:00,88.00,90.80,82.00,90.31,1530
27/01/2012,00:00,89.69,91.28,89.63,90.82,218
30/01/2012,00:00,90.15,90.69,88.86,89.00,252
31/01/2012,00:00,89.79,90.92,89.61,90.32,210
01/02/2012,00:00,89.72,92.93,81.00,92.66,2093
02/02/2012,00:00,93.10,93.85,91.92,92.64,341
03/02/2012,00:00,92.51,94.79,92.32,94.49,297
06/02/2012,00:00,94.81,94.88,80.17,93.87,2849
07/02/2012,00:00,94.00,94.45,92.85,93.48,269
08/02/2012,00:00,94.22,95.39,94.22,95.07,150
09/02/2012,00:00,95.08,96.37,94.64,95.17,338
10/02/2012,00:00,94.51,94.93,93.63,94.01,211
13/02/2012,00:00,94.63,96.37,94.63,96.17,195
14/02/2012,00:00,95.80,97.26,95.37,96.40,319
15/02/2012,00:00,97.32,97.97,96.66,97.06,237
16/02/2012,00:00,96.00,96.45,95.50,96.17,174
17/02/2012,00:00,97.27,97.39,96.00,96.74,226
20/02/2012,00:00,97.60,98.16,97.44,97.51,136
21/02/2012,00:00,97.77,97.77,96.31,96.69,185
22/02/2012,00:00,96.99,97.48,95.24,96.07,357
24/02/2012,00:00,96.79,99.22,96.21,99.09,373
27/02/2012,00:00,98.60,99.96,98.41,99.66,205
28/02/2012,00:00,100.17,100.40,91.00,98.68,1732
29/02/2012,00:00,99.11,100.30,98.91,100.11,179
01/03/2012,00:00,99.48,100.37,98.94,100.27,208
02/03/2012,00:00,100.79,101.75,99.95,101.56,284
05/03/2012,00:00,101.80,103.30,101.32,102.27,350
06/03/2012,00:00,101.76,102.35,97.12,97.32,603
07/03/2012,00:00,97.07,102.93,96.68,97.53,1205
12/03/2012,00:00,99.39,100.35,97.22,99.15,603
13/03/2012,00:00,99.70,100.89,98.00,100.54,495
14/03/2012,00:00,101.80,103.85,100.50,103.26,525
15/03/2012,00:00,102.45,103.00,95.00,100.63,1419
16/03/2012,00:00,100.99,101.17,99.51,100.37,271
19/03/2012,00:00,100.93,104.39,98.63,99.70,1030
20/03/2012,00:00,99.80,100.09,96.61,98.51,568
21/03/2012,00:00,98.88,99.45,96.80,98.22,465
22/03/2012,00:00,97.98,98.84,90.00,96.01,1572
23/03/2012,00:00,96.33,97.62,93.49,97.50,710
26/03/2012,00:00,98.09,100.30,98.04,99.99,263
27/03/2012,00:00,100.47,100.94,97.65,97.84,396
28/03/2012,00:00,97.46,98.15,95.40,95.83,388
29/03/2012,00:00,95.75,96.42,93.40,93.57,387
30/03/2012,00:00,94.92,96.00,94.02,94.64,369
02/04/2012,00:00,95.40,96.20,94.46,95.19,328
03/04/2012,00:00,96.07,98.23,95.50,97.92,362
04/04/2012,00:00,97.05,97.95,96.01,96.18,302
05/04/2012,00:00,96.60,97.56,94.65,97.40,503
06/04/2012,00:00,97.40,97.75,95.42,95.63,290
09/04/2012,00:00,95.31,95.99,92.70,95.86,604
10/04/2012,00:00,95.79,96.87,95.30,95.61,297
11/04/2012,00:00,94.89,97.16,94.50,96.08,414
12/04/2012,00:00,96.40,97.00,94.60,95.64,405
13/04/2012,00:00,94.03,95.13,93.60,94.07,303
16/04/2012,00:00,93.52,93.74,91.00,92.21,418
17/04/2012,00:00,92.49,93.39,91.14,93.18,382
18/04/2012,00:00,94.00,94.68,92.61,92.93,308
19/04/2012,00:00,93.08,102.17,92.88,94.35,1732
20/04/2012,00:00,93.91,95.29,93.32,95.15,271
23/04/2012,00:00,94.55,94.71,91.98,92.53,345
24/04/2012,00:00,92.60,95.30,91.44,92.66,767
25/04/2012,00:00,93.15,94.13,93.15,93.72,140
26/04/2012,00:00,94.08,94.28,91.61,92.67,394
27/04/2012,00:00,92.30,94.12,91.80,93.75,320
02/05/2012,00:00,94.47,97.00,93.06,93.21,663
03/05/2012,00:00,93.30,94.91,92.12,92.65,494
04/05/2012,00:00,92.12,92.64,90.32,90.75,328
07/05/2012,00:00,89.00,89.87,86.00,88.46,721
08/05/2012,00:00,89.02,90.40,87.63,89.30,527
10/05/2012,00:00,89.71,91.84,89.27,91.74,312
11/05/2012,00:00,90.94,91.22,89.46,91.00,347
14/05/2012,00:00,90.39,90.55,87.42,87.60,348
15/05/2012,00:00,87.49,88.90,86.22,88.20,466
16/05/2012,00:00,86.92,87.91,86.50,86.88,279
17/05/2012,00:00,87.00,87.30,79.79,80.63,866
18/05/2012,00:00,78.90,84.02,75.00,78.40,1755
21/05/2012,00:00,78.95,82.05,78.20,81.90,476
22/05/2012,00:00,82.70,83.36,80.70,82.82,521
23/05/2012,00:00,81.34,81.50,78.57,78.75,328
24/05/2012,00:00,79.51,81.77,77.80,81.57,589
25/05/2012,00:00,81.78,83.94,79.85,80.11,652
28/05/2012,00:00,80.89,81.86,79.95,80.32,326
29/05/2012,00:00,80.96,87.00,80.31,84.11,1024
30/05/2012,00:00,83.41,84.50,81.84,82.46,438
31/05/2012,00:00,82.37,83.52,80.52,81.76,540
01/06/2012,00:00,81.60,95.50,77.95,78.75,3226
04/06/2012,00:00,77.49,78.87,76.25,78.15,459
05/06/2012,00:00,78.89,79.79,77.40,78.16,406
06/06/2012,00:00,78.99,80.84,77.77,80.64,450
07/06/2012,00:00,81.10,83.75,79.91,83.39,540
08/06/2012,00:00,82.20,82.30,80.00,81.33,374
13/06/2012,00:00,82.08,83.50,81.00,82.95,414
14/06/2012,00:00,82.72,83.36,82.48,83.11,138
15/06/2012,00:00,83.70,84.77,83.06,84.33,280
18/06/2012,00:00,85.30,86.59,84.80,86.14,275
19/06/2012,00:00,85.92,87.12,79.10,87.02,1495
20/06/2012,00:00,86.96,87.26,85.51,85.80,235
21/06/2012,00:00,85.00,86.39,84.36,85.38,369
22/06/2012,00:00,85.00,86.23,83.38,83.89,460
25/06/2012,00:00,83.76,86.90,81.92,82.38,859
26/06/2012,00:00,82.40,84.34,82.40,83.69,260
27/06/2012,00:00,83.97,84.84,83.25,84.49,267
28/06/2012,00:00,84.98,84.98,82.65,82.79,248
29/06/2012,00:00,84.03,86.46,84.02,86.39,253
02/07/2012,00:00,86.17,88.14,80.00,87.71,1475
03/07/2012,00:00,88.00,91.07,87.96,90.93,330
04/07/2012,00:00,90.63,91.25,89.65,91.15,269
05/07/2012,00:00,90.55,92.43,89.95,90.93,459
06/07/2012,00:00,90.42,92.49,88.75,89.17,624
09/07/2012,00:00,88.88,90.37,88.70,90.10,213
10/07/2012,00:00,89.55,91.75,89.36,90.95,339
11/07/2012,00:00,90.57,90.86,89.27,90.03,265
12/07/2012,00:00,89.80,90.09,88.37,88.90,255
13/07/2012,00:00,89.98,91.08,89.42,90.94,237
16/07/2012,00:00,91.00,91.28,90.35,90.91,178
17/07/2012,00:00,91.48,92.34,91.00,91.12,233
18/07/2012,00:00,91.50,92.15,86.40,91.61,1140
19/07/2012,00:00,92.15,92.90,91.30,92.15,321
20/07/2012,00:00,91.65,91.78,90.11,90.17,187
23/07/2012,00:00,89.25,91.00,85.51,85.97,771
24/07/2012,00:00,87.00,87.90,84.43,84.85,480
25/07/2012,00:00,84.00,87.18,83.01,86.64,571
26/07/2012,00:00,87.00,88.95,86.07,88.43,434
27/07/2012,00:00,89.10,90.44,88.24,90.32,319
30/07/2012,00:00,90.50,91.75,90.50,91.28,173
31/07/2012,00:00,91.50,91.73,89.41,89.68,283
01/08/2012,00:00,89.50,90.89,87.50,89.51,678
02/08/2012,00:00,89.39,91.07,87.40,88.78,674
03/08/2012,00:00,88.79,91.87,88.45,91.64,400
06/08/2012,00:00,91.91,94.07,91.40,93.18,408
07/08/2012,00:00,92.99,94.44,92.12,93.96,368
08/08/2012,00:00,93.81,94.30,92.82,93.95,283
09/08/2012,00:00,94.39,95.35,93.01,93.95,425
10/08/2012,00:00,93.34,93.35,91.95,92.83,230
13/08/2012,00:00,93.13,94.44,92.86,93.12,316
14/08/2012,00:00,93.48,94.15,93.11,93.63,194
15/08/2012,00:00,93.14,93.20,91.72,92.92,275
16/08/2012,00:00,93.50,93.80,92.33,92.91,236
17/08/2012,00:00,93.35,93.39,92.00,92.12,156
20/08/2012,00:00,92.24,92.45,91.12,91.55,198
21/08/2012,00:00,91.93,93.60,91.93,93.53,175
22/08/2012,00:00,92.80,93.45,92.23,92.56,221
23/08/2012,00:00,93.35,95.05,92.90,93.09,405
24/08/2012,00:00,92.50,93.47,92.17,92.98,213
27/08/2012,00:00,93.47,93.75,92.51,92.88,190
28/08/2012,00:00,92.69,94.80,92.48,94.52,282
29/08/2012,00:00,94.50,95.48,94.13,94.50,271
30/08/2012,00:00,94.39,94.80,93.41,93.49,189
31/08/2012,00:00,93.61,94.18,93.00,93.24,200
03/09/2012,00:00,93.20,94.50,90.50,94.13,708
04/09/2012,00:00,94.15,94.73,93.03,93.13,239
05/09/2012,00:00,92.86,93.13,92.22,92.98,171
06/09/2012,00:00,93.27,94.17,92.45,93.96,276
07/09/2012,00:00,94.32,95.76,92.70,93.93,574
10/09/2012,00:00,93.60,94.61,93.28,94.39,188
11/09/2012,00:00,93.70,94.24,93.37,94.03,142
12/09/2012,00:00,94.30,94.49,93.40,93.60,149
13/09/2012,00:00,93.36,93.71,92.40,92.73,200
14/09/2012,00:00,92.80,98.09,92.80,96.99,640
17/09/2012,00:00,96.32,97.14,94.48,95.68,469
18/09/2012,00:00,95.01,96.67,94.57,94.81,401
19/09/2012,00:00,93.20,95.28,92.81,93.76,439
20/09/2012,00:00,93.15,93.97,92.62,93.74,212
21/09/2012,00:00,94.48,94.60,93.58,94.20,177
24/09/2012,00:00,93.80,94.20,93.33,94.08,147
25/09/2012,00:00,94.35,94.46,93.46,93.77,143
26/09/2012,00:00,93.35,93.35,90.56,90.79,303
27/09/2012,00:00,91.48,91.64,89.45,90.02,293
28/09/2012,00:00,90.97,91.30,90.23,91.08,204
01/10/2012,00:00,90.61,94.00,90.61,92.25,515
02/10/2012,00:00,92.00,92.24,91.14,91.95,216
03/10/2012,00:00,91.52,92.64,90.94,92.02,291
04/10/2012,00:00,92.37,92.47,90.75,91.44,252
05/10/2012,00:00,92.02,93.52,91.65,93.07,270
08/10/2012,00:00,92.70,92.89,92.20,92.65,134
09/10/2012,00:00,92.99,93.08,92.06,92.62,168
10/10/2012,00:00,92.25,92.48,91.82,92.26,132
11/10/2012,00:00,91.80,92.95,91.80,92.58,153
12/10/2012,00:00,92.50,92.57,91.25,91.47,162
15/10/2012,00:00,91.50,92.27,90.67,91.23,294
16/10/2012,00:00,92.10,93.01,91.11,92.09,380
17/10/2012,00:00,92.20,93.31,92.10,93.16,147
18/10/2012,00:00,93.23,94.07,93.18,93.65,137
19/10/2012,00:00,93.45,93.65,92.72,93.14,156
22/10/2012,00:00,92.70,94.38,92.60,94.07,220
23/10/2012,00:00,93.81,94.06,93.07,93.55,173
24/10/2012,00:00,94.03,94.20,92.80,93.34,212
25/10/2012,00:00,93.29,93.83,92.76,92.90,176
26/10/2012,00:00,92.75,92.75,91.36,91.99,203
29/10/2012,00:00,91.65,92.19,91.12,91.66,214
30/10/2012,00:00,91.30,92.25,91.12,91.18,215
31/10/2012,00:00,91.27,92.20,91.20,91.82,146
01/11/2012,00:00,91.60,92.06,90.20,91.78,355
02/11/2012,00:00,91.99,92.64,91.48,92.02,230
06/11/2012,00:00,91.82,91.92,91.11,91.38,119
07/11/2012,00:00,91.75,91.77,89.71,89.98,236
08/11/2012,00:00,89.25,89.89,85.90,86.28,502
09/11/2012,00:00,86.00,86.32,84.82,85.78,279
12/11/2012,00:00,86.02,86.95,85.25,86.80,263
13/11/2012,00:00,86.34,86.88,84.05,84.43,376
14/11/2012,00:00,85.10,85.50,83.75,84.67,308
15/11/2012,00:00,85.18,86.36,83.85,86.12,409
16/11/2012,00:00,85.89,86.61,85.21,86.05,265
19/11/2012,00:00,86.61,87.60,86.12,87.38,220
20/11/2012,00:00,87.40,87.75,86.68,86.97,172
21/11/2012,00:00,86.50,88.07,86.10,87.86,259
22/11/2012,00:00,88.01,88.28,87.30,88.01,197
23/11/2012,00:00,88.28,89.41,88.17,89.25,152
26/11/2012,00:00,89.44,90.13,89.02,89.18,197
27/11/2012,00:00,89.62,89.84,88.90,89.13,140
28/11/2012,00:00,88.77,88.79,87.40,87.81,183
29/11/2012,00:00,88.90,88.90,87.00,87.88,279
30/11/2012,00:00,87.76,91.60,87.30,91.40,497
03/12/2012,00:00,91.41,92.80,90.84,92.70,264
04/12/2012,00:00,92.20,92.61,86.52,91.82,1181
05/12/2012,00:00,92.03,93.95,91.95,93.82,222
06/12/2012,00:00,93.71,94.17,93.10,93.53,197
07/12/2012,00:00,93.75,93.85,92.02,93.18,310
10/12/2012,00:00,93.40,94.19,92.77,93.48,277
11/12/2012,00:00,93.59,93.87,93.11,93.63,149
12/12/2012,00:00,93.76,94.10,93.60,93.71,96
13/12/2012,00:00,93.63,94.10,92.68,93.36,258
14/12/2012,00:00,93.29,93.86,93.03,93.49,147
17/12/2012,00:00,93.53,93.60,93.01,93.53,119
18/12/2012,00:00,94.00,95.30,93.94,95.15,158
19/12/2012,00:00,95.38,96.03,94.45,94.55,234
20/12/2012,00:00,94.00,94.85,93.60,94.51,200
21/12/2012,00:00,93.52,93.99,93.17,93.47,160
24/12/2012,00:00,93.21,95.42,92.33,92.49,547
25/12/2012,00:00,92.76,93.11,92.38,92.43,114
26/12/2012,00:00,92.39,92.55,91.01,92.41,307
27/12/2012,00:00,92.48,93.51,92.22,92.68,239
28/12/2012,00:00,92.90,95.42,92.40,92.92,603
08/01/2013,00:00,96.50,98.50,92.82,98.35,952
09/01/2013,00:00,98.40,98.65,97.81,98.27,156
10/01/2013,00:00,98.30,98.55,97.96,98.39,110
11/01/2013,00:00,98.80,99.76,98.48,99.57,180
14/01/2013,00:00,99.72,101.27,99.57,101.00,213
15/01/2013,00:00,100.61,101.00,99.78,99.98,182
16/01/2013,00:00,99.85,100.13,99.19,99.94,180
17/01/2013,00:00,99.90,101.33,99.54,101.14,235
18/01/2013,00:00,101.50,103.55,101.50,103.40,221
21/01/2013,00:00,103.50,103.95,93.23,103.68,2127
22/01/2013,00:00,103.70,103.85,102.07,102.45,232
23/01/2013,00:00,102.73,103.65,102.18,103.47,221
24/01/2013,00:00,103.07,103.07,101.92,102.52,176
25/01/2013,00:00,102.40,103.85,101.93,103.65,260
28/01/2013,00:00,103.96,107.12,103.54,106.95,418
29/01/2013,00:00,107.20,108.30,106.15,106.55,366
30/01/2013,00:00,107.20,108.47,97.00,107.75,2240
31/01/2013,00:00,107.41,109.64,106.62,109.38,408
01/02/2013,00:00,109.24,110.47,107.77,108.47,464
04/02/2013,00:00,108.79,109.15,107.20,107.43,255
05/02/2013,00:00,106.80,108.15,106.67,107.72,205
06/02/2013,00:00,108.29,110.08,92.80,106.89,3317
07/02/2013,00:00,106.72,107.29,105.23,105.70,311
08/02/2013,00:00,105.99,107.63,105.01,107.16,408
11/02/2013,00:00,107.01,108.45,107.00,107.04,288
12/02/2013,00:00,106.54,109.24,106.54,108.49,346
13/02/2013,00:00,109.16,109.34,107.80,108.78,271
14/02/2013,00:00,108.70,111.50,107.27,107.79,756
15/02/2013,00:00,107.89,107.98,97.00,105.10,1918
18/02/2013,00:00,105.82,106.38,104.38,106.23,360
19/02/2013,00:00,106.06,108.77,105.94,108.48,325
20/02/2013,00:00,108.90,109.00,107.00,107.92,303
21/02/2013,00:00,106.31,106.89,105.49,106.58,254
22/02/2013,00:00,107.00,107.48,105.95,106.18,225
25/02/2013,00:00,106.30,107.00,105.61,106.66,243
26/02/2013,00:00,105.38,105.38,103.44,104.18,269
27/02/2013,00:00,104.40,104.76,102.85,103.40,283
28/02/2013,00:00,104.30,104.80,103.25,104.46,295
01/03/2013,00:00,104.00,104.29,102.60,103.04,243
04/03/2013,00:00,102.80,103.43,102.15,102.71,248
05/03/2013,00:00,103.66,104.44,103.29,104.01,196
06/03/2013,00:00,104.40,105.89,104.29,105.42,219
07/03/2013,00:00,105.35,106.11,104.91,105.26,232
11/03/2013,00:00,106.11,107.48,105.99,106.87,223
12/03/2013,00:00,106.88,107.08,105.61,106.02,209
13/03/2013,00:00,105.75,106.05,104.36,104.48,212
14/03/2013,00:00,104.43,105.55,103.75,104.83,321
15/03/2013,00:00,105.60,105.94,104.05,104.37,256
18/03/2013,00:00,102.50,102.59,99.30,100.41,450
19/03/2013,00:00,100.46,101.30,98.86,99.68,411
20/03/2013,00:00,99.50,102.44,99.43,102.29,324
21/03/2013,00:00,102.80,103.52,101.57,101.69,280
22/03/2013,00:00,101.04,101.80,99.21,99.38,353
25/03/2013,00:00,100.48,101.18,98.44,98.66,367
26/03/2013,00:00,98.73,99.30,96.81,97.13,339
27/03/2013,00:00,97.98,98.07,95.70,96.73,350
28/03/2013,00:00,96.37,98.74,95.35,98.64,452
29/03/2013,00:00,98.99,99.32,98.22,98.83,205
01/04/2013,00:00,98.25,99.49,97.75,98.08,332
02/04/2013,00:00,98.04,99.46,97.79,98.96,243
03/04/2013,00:00,99.03,99.67,98.60,99.48,170
04/04/2013,00:00,98.86,106.50,98.22,99.89,1554
05/04/2013,00:00,99.95,101.29,98.36,99.29,521
08/04/2013,00:00,99.77,100.79,99.66,100.35,169
09/04/2013,00:00,101.12,102.69,100.65,102.61,260
10/04/2013,00:00,103.00,103.55,102.13,103.28,257
11/04/2013,00:00,103.63,103.74,99.99,102.43,631
12/04/2013,00:00,100.00,100.61,98.16,98.43,334
15/04/2013,00:00,97.38,98.20,95.05,95.35,428
16/04/2013,00:00,95.00,96.92,94.80,95.88,337
17/04/2013,00:00,96.05,96.72,93.70,94.64,464
18/04/2013,00:00,94.42,96.48,94.21,95.37,360
19/04/2013,00:00,96.22,97.60,95.63,96.35,382
22/04/2013,00:00,97.06,98.05,94.67,94.99,470
23/04/2013,00:00,95.00,96.58,94.00,96.44,373
24/04/2013,00:00,96.88,98.76,96.49,97.92,351
25/04/2013,00:00,98.05,99.40,96.20,96.37,473
26/04/2013,00:00,96.10,96.98,95.07,95.73,346
29/04/2013,00:00,95.60,96.84,94.65,94.71,350
30/04/2013,00:00,95.48,99.31,94.60,99.02,589
02/05/2013,00:00,98.05,101.28,98.05,100.80,372
03/05/2013,00:00,101.30,103.01,100.50,102.91,342
06/05/2013,00:00,103.35,103.38,102.01,102.41,181
07/05/2013,00:00,102.20,105.40,101.62,105.14,463
08/05/2013,00:00,105.04,105.90,104.25,105.81,254
10/05/2013,00:00,105.17,105.89,103.52,103.60,318
13/05/2013,00:00,103.52,103.93,101.90,103.33,388
14/05/2013,00:00,103.10,104.90,102.80,103.88,343
15/05/2013,00:00,104.50,104.58,102.34,103.23,322
16/05/2013,00:00,103.32,103.95,102.24,102.45,256
17/05/2013,00:00,102.50,105.33,101.80,105.10,447
20/05/2013,00:00,105.60,107.19,105.17,106.63,302
21/05/2013,00:00,106.50,109.39,105.87,108.88,467
22/05/2013,00:00,108.85,111.44,108.85,110.80,324
23/05/2013,00:00,108.87,108.95,105.53,105.62,360
24/05/2013,00:00,106.00,106.49,102.38,103.01,524
27/05/2013,00:00,103.47,103.79,102.04,102.86,290
28/05/2013,00:00,103.21,104.87,103.20,104.00,256
29/05/2013,00:00,103.48,104.61,99.90,99.98,593
30/05/2013,00:00,100.00,100.98,98.78,99.94,435
31/05/2013,00:00,100.50,100.77,97.75,98.73,428
03/06/2013,00:00,97.79,100.65,96.88,98.72,662
04/06/2013,00:00,99.73,101.50,98.73,98.89,471
05/06/2013,00:00,98.21,99.20,97.20,97.56,336
06/06/2013,00:00,97.24,98.15,96.30,96.80,327
07/06/2013,00:00,97.62,99.56,96.93,99.05,384
10/06/2013,00:00,99.80,100.63,97.41,97.83,448
11/06/2013,00:00,97.80,98.47,94.02,94.67,578
13/06/2013,00:00,92.80,93.49,90.37,91.76,521
14/06/2013,00:00,92.97,94.09,91.42,93.58,474
17/06/2013,00:00,94.05,95.95,93.50,95.65,331
18/06/2013,00:00,95.30,96.90,95.08,96.40,255
19/06/2013,00:00,96.18,96.57,94.08,94.57,338
20/06/2013,00:00,92.87,94.10,91.10,91.37,451
21/06/2013,00:00,90.91,93.18,90.10,91.31,577
24/06/2013,00:00,90.43,91.70,88.54,88.75,465
25/06/2013,00:00,89.00,90.64,88.81,89.59,308
26/06/2013,00:00,89.99,92.65,89.30,92.56,414
27/06/2013,00:00,93.05,93.74,91.88,93.36,342
28/06/2013,00:00,93.91,94.65,92.25,93.50,440
01/07/2013,00:00,93.83,95.65,93.01,95.38,374
02/07/2013,00:00,95.26,95.77,94.07,94.61,276
03/07/2013,00:00,94.02,94.12,92.70,93.04,187
04/07/2013,00:00,93.51,94.59,92.32,94.02,404
05/07/2013,00:00,94.50,94.86,92.85,93.27,280
08/07/2013,00:00,92.80,93.47,91.80,92.82,333
09/07/2013,00:00,93.50,93.63,92.00,92.43,220
10/07/2013,00:00,92.40,92.76,90.75,91.11,274
11/07/2013,00:00,92.06,95.57,92.05,95.42,369
12/07/2013,00:00,95.45,98.75,95.17,98.54,408
15/07/2013,00:00,98.80,100.45,98.45,99.72,309
16/07/2013,00:00,99.90,101.36,99.10,99.46,409
17/07/2013,00:00,99.32,101.30,98.75,101.02,341
18/07/2013,00:00,101.01,101.50,97.93,98.42,456
19/07/2013,00:00,98.00,101.26,97.66,99.93,528
22/07/2013,00:00,100.00,100.43,97.75,97.84,321
23/07/2013,00:00,98.43,99.04,96.75,96.85,301
24/07/2013,00:00,96.92,97.48,95.70,96.36,301
25/07/2013,00:00,96.20,96.97,95.56,95.86,249
26/07/2013,00:00,96.45,96.70,94.75,94.86,232
29/07/2013,00:00,94.78,95.60,94.22,94.29,228
30/07/2013,00:00,94.50,95.08,93.75,94.21,238
31/07/2013,00:00,94.06,95.59,93.66,95.22,271
01/08/2013,00:00,95.96,97.00,95.80,96.77,160
02/08/2013,00:00,97.37,97.89,95.63,96.98,414
05/08/2013,00:00,96.90,97.47,96.02,96.32,233
06/08/2013,00:00,95.80,96.19,94.63,94.72,205
07/08/2013,00:00,94.31,95.28,94.07,94.37,237
08/08/2013,00:00,94.85,95.22,93.32,94.00,296
09/08/2013,00:00,94.50,95.78,93.93,95.66,255
12/08/2013,00:00,95.75,96.37,94.76,96.21,277
13/08/2013,00:00,96.51,97.95,96.29,97.20,264
14/08/2013,00:00,97.50,98.25,97.13,97.98,177
15/08/2013,00:00,97.63,97.96,95.20,95.49,339
16/08/2013,00:00,95.77,95.83,93.57,93.84,260
19/08/2013,00:00,94.00,94.41,93.24,93.64,199
20/08/2013,00:00,92.91,92.92,91.50,91.70,164
21/08/2013,00:00,91.85,92.61,89.90,90.54,412
22/08/2013,00:00,89.94,92.55,89.80,92.05,340
23/08/2013,00:00,92.40,92.80,91.56,91.97,206
26/08/2013,00:00,92.40,96.70,90.82,91.25,1062
27/08/2013,00:00,90.62,90.95,89.70,90.05,194
28/08/2013,00:00,89.71,90.41,88.65,89.39,321
29/08/2013,00:00,89.71,90.65,89.32,89.81,257
30/08/2013,00:00,90.05,90.05,87.75,88.16,272
02/09/2013,00:00,88.96,90.04,88.53,89.50,249
03/09/2013,00:00,89.99,91.12,89.61,90.47,255
04/09/2013,00:00,90.09,90.57,89.40,90.50,194
05/09/2013,00:00,90.80,93.18,90.21,92.70,405
06/09/2013,00:00,92.73,95.00,91.77,92.51,625
09/09/2013,00:00,93.01,95.06,93.01,94.90,222
10/09/2013,00:00,95.49,96.92,94.88,96.79,279
11/09/2013,00:00,96.45,96.73,95.25,95.50,202
12/09/2013,00:00,95.98,96.14,94.24,95.55,338
13/09/2013,00:00,95.00,95.89,94.64,95.79,172
16/09/2013,00:00,96.76,99.04,94.98,99.00,589
17/09/2013,00:00,98.38,99.60,97.35,99.40,349
18/09/2013,00:00,99.60,100.63,99.03,99.62,319
19/09/2013,00:00,102.50,103.63,101.89,102.37,336
20/09/2013,00:00,101.63,102.61,101.37,102.55,157
23/09/2013,00:00,102.12,102.43,101.30,101.40,155
24/09/2013,00:00,101.30,101.56,100.37,100.41,150
25/09/2013,00:00,100.31,102.19,100.10,101.95,255
26/09/2013,00:00,102.05,102.69,101.01,101.60,292
27/09/2013,00:00,101.80,101.80,98.58,98.70,335
30/09/2013,00:00,97.74,98.39,97.10,97.70,255
01/10/2013,00:00,97.80,99.34,97.75,99.15,184
02/10/2013,00:00,98.94,99.40,97.27,97.71,304
03/10/2013,00:00,98.13,98.80,97.51,98.21,251
04/10/2013,00:00,98.00,100.40,97.68,100.25,320
07/10/2013,00:00,99.70,100.50,99.12,100.50,197
08/10/2013,00:00,100.30,102.26,99.90,101.91,312
09/10/2013,00:00,101.79,103.01,101.05,101.55,369
10/10/2013,00:00,102.04,104.36,101.85,103.70,337
11/10/2013,00:00,104.00,104.16,102.42,102.80,229
14/10/2013,00:00,102.40,103.00,99.47,103.00,647
15/10/2013,00:00,103.91,104.89,103.52,104.70,196
16/10/2013,00:00,104.05,105.09,103.60,104.04,298
17/10/2013,00:00,104.20,104.37,102.36,103.40,323
18/10/2013,00:00,103.98,105.64,103.61,105.35,270
21/10/2013,00:00,105.56,105.95,104.88,105.49,208
22/10/2013,00:00,105.23,105.81,104.55,105.40,236
23/10/2013,00:00,104.89,105.08,103.03,103.25,247
24/10/2013,00:00,103.50,103.86,102.63,102.85,182
25/10/2013,00:00,102.61,103.61,102.02,102.97,283
28/10/2013,00:00,103.60,104.18,102.50,102.87,264
29/10/2013,00:00,102.75,103.48,102.12,102.75,273
30/10/2013,00:00,103.20,104.14,102.74,103.20,281
31/10/2013,00:00,102.57,103.08,101.70,102.80,254
01/11/2013,00:00,102.74,103.77,102.50,103.65,164
05/11/2013,00:00,104.06,104.43,102.40,102.46,247
06/11/2013,00:00,103.00,103.09,102.26,102.53,120
07/11/2013,00:00,102.31,103.87,102.10,103.42,244
08/11/2013,00:00,102.41,102.66,101.57,101.89,167
11/11/2013,00:00,102.51,102.59,101.48,101.77,149
12/11/2013,00:00,101.96,104.28,101.74,104.20,285
13/11/2013,00:00,103.81,104.98,101.11,101.59,553
14/11/2013,00:00,102.81,103.98,102.81,103.65,151
15/11/2013,00:00,104.30,104.70,103.24,103.66,229
18/11/2013,00:00,103.99,105.54,103.60,105.45,243
19/11/2013,00:00,105.40,106.80,105.40,106.22,199
20/11/2013,00:00,105.89,106.32,105.11,106.00,232
21/11/2013,00:00,105.11,105.56,104.69,104.97,161
22/11/2013,00:00,105.23,105.48,104.25,105.10,234
25/11/2013,00:00,105.51,106.20,105.21,105.22,170
26/11/2013,00:00,105.35,105.35,103.01,103.35,269
27/11/2013,00:00,103.50,105.82,102.62,102.76,567
28/11/2013,00:00,103.30,103.78,102.33,102.66,227
29/11/2013,00:00,102.71,103.29,101.84,103.27,235
02/12/2013,00:00,103.16,103.66,102.31,102.45,200
03/12/2013,00:00,102.20,102.48,100.00,100.13,290
04/12/2013,00:00,100.30,100.78,98.74,98.95,274
05/12/2013,00:00,99.28,99.94,97.95,98.20,291
06/12/2013,00:00,98.49,100.00,97.88,99.81,293
09/12/2013,00:00,100.32,101.07,99.55,101.00,237
10/12/2013,00:00,100.97,101.39,99.72,100.18,256
11/12/2013,00:00,99.91,100.94,99.13,100.65,289
12/12/2013,00:00,99.50,110.07,98.44,98.90,2267
13/12/2013,00:00,98.96,99.60,98.58,98.80,189
16/12/2013,00:00,98.40,99.93,98.12,99.79,224
17/12/2013,00:00,100.53,100.81,99.61,100.00,188
18/12/2013,00:00,100.15,100.71,99.82,100.10,174
19/12/2013,00:00,101.23,102.30,100.80,101.73,251
20/12/2013,00:00,101.85,102.25,101.31,102.20,154
23/12/2013,00:00,102.45,102.83,102.05,102.22,134
24/12/2013,00:00,102.50,102.54,101.75,101.90,99
25/12/2013,00:00,102.31,102.31,101.53,101.62,88
26/12/2013,00:00,101.62,102.18,101.45,101.91,118
27/12/2013,00:00,102.00,102.21,100.65,100.65,178
30/12/2013,00:00,100.51,101.55,100.45,101.05,167
06/01/2014,00:00,100.20,100.31,98.62,98.63,182
08/01/2014,00:00,99.10,99.41,97.85,98.20,223
09/01/2014,00:00,98.44,98.77,97.69,97.97,170
10/01/2014,00:00,97.87,99.41,97.52,99.41,225
13/01/2014,00:00,99.30,100.35,99.04,100.24,169
14/01/2014,00:00,99.18,99.73,98.51,99.25,238
15/01/2014,00:00,99.95,100.79,99.56,100.69,173
16/01/2014,00:00,100.90,101.64,100.53,100.60,193
17/01/2014,00:00,100.36,101.45,100.10,101.08,199
20/01/2014,00:00,100.99,102.17,100.66,101.96,206
21/01/2014,00:00,102.50,102.57,101.90,102.14,99
22/01/2014,00:00,102.21,102.49,101.13,102.20,272
23/01/2014,00:00,101.81,102.92,101.56,101.56,248
24/01/2014,00:00,100.99,101.26,99.63,99.63,191
27/01/2014,00:00,98.62,99.11,97.63,97.84,219
28/01/2014,00:00,98.21,98.74,97.05,97.40,258
29/01/2014,00:00,97.93,98.98,95.73,96.10,468
30/01/2014,00:00,96.10,96.69,94.40,95.70,419
31/01/2014,00:00,95.80,96.27,94.43,94.80,269
03/02/2014,00:00,94.95,95.89,94.55,94.57,231
04/02/2014,00:00,93.55,94.48,93.25,93.94,208
05/02/2014,00:00,94.31,95.65,94.01,95.51,209
06/02/2014,00:00,95.78,96.81,95.65,96.56,155
07/02/2014,00:00,97.00,97.36,96.11,96.60,211
10/02/2014,00:00,96.94,97.08,95.42,95.49,188
11/02/2014,00:00,95.97,96.65,95.51,96.18,208
12/02/2014,00:00,96.91,97.14,96.15,97.00,190
13/02/2014,00:00,96.30,96.69,95.30,95.50,199
14/02/2014,00:00,95.80,96.84,95.70,96.70,139
17/02/2014,00:00,97.10,98.08,97.09,97.47,162
18/02/2014,00:00,97.50,97.95,96.55,96.73,204
19/02/2014,00:00,96.51,96.59,94.53,94.80,242
20/02/2014,00:00,94.10,94.76,93.61,94.60,181
21/02/2014,00:00,95.02,95.44,94.51,94.93,178
24/02/2014,00:00,95.00,95.09,94.06,94.67,174
25/02/2014,00:00,95.37,95.48,93.32,94.13,309
26/02/2014,00:00,94.28,94.59,91.85,92.35,356
27/02/2014,00:00,92.50,92.61,89.40,90.05,398
28/02/2014,00:00,90.15,91.42,88.87,91.10,416
03/03/2014,00:00,85.50,86.84,74.96,77.35,1562
04/03/2014,00:00,78.50,83.90,77.17,81.52,1045
05/03/2014,00:00,82.37,82.77,80.12,81.47,441
06/03/2014,00:00,81.63,83.81,76.56,80.47,1335
07/03/2014,00:00,80.00,81.46,78.34,79.99,624
11/03/2014,00:00,79.05,79.75,76.39,76.75,443
12/03/2014,00:00,75.98,76.36,72.35,72.74,479
13/03/2014,00:00,73.50,73.89,68.87,69.80,635
14/03/2014,00:00,68.00,71.75,65.33,71.20,965
17/03/2014,00:00,72.50,80.29,71.05,76.71,1428
18/03/2014,00:00,77.60,82.00,75.64,82.00,833
19/03/2014,00:00,81.58,82.60,79.13,80.64,601
20/03/2014,00:00,79.55,81.27,78.43,79.40,554
21/03/2014,00:00,77.20,78.51,76.10,78.47,356
24/03/2014,00:00,78.47,80.38,77.82,78.40,506
25/03/2014,00:00,78.84,81.97,77.34,81.70,641
26/03/2014,00:00,82.10,84.34,82.02,82.50,425
27/03/2014,00:00,82.16,82.72,79.20,79.90,479
28/03/2014,00:00,80.40,81.96,79.67,81.36,363
31/03/2014,00:00,81.39,83.80,81.12,83.80,296
01/04/2014,00:00,84.01,84.68,82.75,83.88,374
02/04/2014,00:00,84.00,84.18,81.44,82.67,416
03/04/2014,00:00,82.88,83.39,81.21,81.51,300
04/04/2014,00:00,81.95,83.30,80.85,82.98,388
07/04/2014,00:00,81.88,81.88,78.87,79.95,410
08/04/2014,00:00,79.90,80.00,78.51,79.41,250
09/04/2014,00:00,79.80,80.10,77.75,78.85,376
10/04/2014,00:00,79.22,80.44,78.51,79.90,319
11/04/2014,00:00,78.71,80.07,77.65,79.75,381
14/04/2014,00:00,79.11,79.11,77.50,78.35,247
15/04/2014,00:00,78.00,78.34,75.10,75.20,369
16/04/2014,00:00,75.95,76.50,73.62,76.13,559
17/04/2014,00:00,76.00,77.21,75.20,76.89,314
18/04/2014,00:00,78.39,79.40,78.22,78.82,194
21/04/2014,00:00,78.80,78.80,77.46,77.62,151
22/04/2014,00:00,77.50,77.50,75.60,76.30,261
23/04/2014,00:00,76.20,76.51,75.12,75.56,215
24/04/2014,00:00,75.85,76.11,71.81,73.21,597
25/04/2014,00:00,73.05,73.10,69.56,69.91,395
28/04/2014,00:00,69.00,73.70,67.90,73.39,722
29/04/2014,00:00,74.19,74.66,72.30,72.80,334
30/04/2014,00:00,72.51,73.27,71.48,72.50,358
02/05/2014,00:00,72.00,72.50,70.89,72.22,301
05/05/2014,00:00,71.35,80.00,71.01,71.99,1735
06/05/2014,00:00,72.32,74.30,72.32,74.10,219
07/05/2014,00:00,73.23,80.37,73.16,78.50,916
08/05/2014,00:00,79.00,80.25,77.57,78.80,517
12/05/2014,00:00,78.79,79.90,77.73,79.08,406
13/05/2014,00:00,79.76,81.08,79.15,80.15,348
14/05/2014,00:00,80.25,81.68,79.55,81.38,314
15/05/2014,00:00,81.10,82.30,72.40,80.04,1875
16/05/2014,00:00,79.40,79.79,78.53,79.20,233
19/05/2014,00:00,79.30,81.68,79.17,81.62,271
20/05/2014,00:00,82.05,82.55,80.55,82.31,375
21/05/2014,00:00,82.00,84.09,81.30,83.59,400
22/05/2014,00:00,84.01,84.30,82.16,83.26,354
23/05/2014,00:00,83.20,85.98,82.63,85.83,408
26/05/2014,00:00,86.00,87.62,85.37,86.87,364
27/05/2014,00:00,86.90,86.90,83.95,84.33,334
28/05/2014,00:00,84.50,85.38,83.73,84.95,286
29/05/2014,00:00,85.30,86.01,84.18,85.65,332
30/05/2014,00:00,85.65,85.90,84.21,84.50,224
02/06/2014,00:00,84.76,87.15,84.76,85.91,364
03/06/2014,00:00,85.30,86.84,84.66,86.84,283
04/06/2014,00:00,86.41,88.47,86.23,87.81,309
05/06/2014,00:00,87.95,89.05,86.54,87.43,451
06/06/2014,00:00,87.75,89.18,86.28,89.00,456
09/06/2014,00:00,89.30,89.60,88.62,88.89,156
10/06/2014,00:00,88.88,89.00,87.87,88.99,216
11/06/2014,00:00,89.00,89.33,88.51,89.00,165
16/06/2014,00:00,84.50,85.72,84.15,84.85,280
17/06/2014,00:00,84.95,85.55,83.37,83.80,322
18/06/2014,00:00,84.11,84.55,83.12,83.77,253
19/06/2014,00:00,84.55,85.69,84.35,84.80,244
20/06/2014,00:00,84.80,85.14,84.10,84.16,145
23/06/2014,00:00,84.23,85.30,83.41,83.68,324
24/06/2014,00:00,84.09,86.60,83.91,86.50,298
25/06/2014,00:00,86.02,86.40,83.85,84.40,349
26/06/2014,00:00,84.90,85.14,83.46,84.10,257
27/06/2014,00:00,84.15,84.94,83.96,84.33,179
30/06/2014,00:00,84.50,84.70,83.03,84.50,335
01/07/2014,00:00,84.45,84.46,83.05,84.07,245
02/07/2014,00:00,84.30,85.97,84.12,85.79,222
03/07/2014,00:00,85.90,86.50,85.25,85.34,195
04/07/2014,00:00,85.51,85.86,83.80,84.00,262
07/07/2014,00:00,84.08,85.70,83.87,85.49,226
08/07/2014,00:00,85.30,86.69,83.86,85.11,548
09/07/2014,00:00,84.91,85.56,84.20,85.20,244
10/07/2014,00:00,85.74,86.09,83.37,84.47,418
11/07/2014,00:00,84.50,86.45,83.80,84.55,526
14/07/2014,00:00,84.65,85.19,83.55,83.55,219
15/07/2014,00:00,83.82,84.01,82.87,83.09,156
16/07/2014,00:00,83.00,83.98,82.55,83.78,209
17/07/2014,00:00,82.00,82.19,80.53,81.50,283
18/07/2014,00:00,79.80,80.96,79.59,80.27,228
21/07/2014,00:00,80.31,80.40,76.56,76.56,394
22/07/2014,00:00,77.30,78.84,77.06,78.30,257
23/07/2014,00:00,78.40,78.94,76.60,77.45,374
24/07/2014,00:00,77.00,77.37,75.81,76.87,300
25/07/2014,00:00,76.81,76.98,75.00,75.16,232
28/07/2014,00:00,74.51,74.60,72.60,72.82,232
29/07/2014,00:00,72.45,74.50,71.86,73.20,454
30/07/2014,00:00,72.65,75.83,72.33,73.68,598
31/07/2014,00:00,73.90,75.27,73.24,73.60,377
01/08/2014,00:00,72.88,73.50,71.52,72.37,346
04/08/2014,00:00,72.80,73.59,71.85,72.75,344
05/08/2014,00:00,73.00,73.30,71.57,71.60,207
06/08/2014,00:00,71.22,71.30,68.85,69.00,269
07/08/2014,00:00,68.42,69.30,66.10,68.50,633
08/08/2014,00:00,67.91,70.75,67.91,70.70,290
11/08/2014,00:00,72.01,74.40,72.01,74.21,259
12/08/2014,00:00,74.10,75.18,72.88,73.35,386
13/08/2014,00:00,73.04,75.19,72.60,74.84,339
14/08/2014,00:00,74.94,75.87,74.30,74.99,310
15/08/2014,00:00,75.01,76.00,74.00,75.05,397
18/08/2014,00:00,75.21,75.98,74.77,75.15,237
19/08/2014,00:00,75.75,76.10,75.11,76.00,174
20/08/2014,00:00,76.00,76.90,75.18,76.90,255
21/08/2014,00:00,76.87,78.61,76.71,78.40,228
22/08/2014,00:00,78.50,78.89,76.88,78.39,392
25/08/2014,00:00,78.51,79.69,78.25,78.56,284
26/08/2014,00:00,78.60,78.92,77.24,77.44,221
27/08/2014,00:00,77.89,78.39,77.51,77.93,173
28/08/2014,00:00,77.46,77.87,74.45,74.59,398
29/08/2014,00:00,74.49,74.97,72.56,73.21,355
01/09/2014,00:00,73.51,74.94,72.52,73.68,468
02/09/2014,00:00,73.67,74.49,72.94,73.76,302
03/09/2014,00:00,74.19,78.75,73.75,78.50,570
04/09/2014,00:00,78.60,79.95,77.18,79.39,476
05/09/2014,00:00,78.80,81.30,78.50,80.25,416
08/09/2014,00:00,80.25,80.39,78.26,78.69,271
09/09/2014,00:00,78.85,80.20,75.36,79.41,913
10/09/2014,00:00,78.80,79.40,78.39,78.67,190
11/09/2014,00:00,79.05,79.55,76.14,76.30,408
12/09/2014,00:00,76.00,77.77,75.13,76.65,464
15/09/2014,00:00,76.30,77.08,75.45,75.63,260
16/09/2014,00:00,75.85,77.90,70.00,77.60,1406
17/09/2014,00:00,77.50,78.92,76.55,78.66,359
18/09/2014,00:00,78.62,79.30,77.71,77.98,255
19/09/2014,00:00,78.30,78.46,76.62,77.40,279
22/09/2014,00:00,77.20,77.69,75.89,76.00,241
23/09/2014,00:00,76.32,77.84,76.20,77.68,193
24/09/2014,00:00,77.93,79.55,77.87,79.05,225
25/09/2014,00:00,79.60,80.15,78.00,78.01,272
26/09/2014,00:00,77.56,78.43,76.85,77.60,313
29/09/2014,00:00,77.98,78.38,76.53,76.70,243
30/09/2014,00:00,77.08,77.44,75.52,75.52,229
01/10/2014,00:00,75.20,76.26,74.26,74.26,307
02/10/2014,00:00,74.05,74.47,72.57,73.15,291
03/10/2014,00:00,73.73,74.69,73.12,73.77,311
06/10/2014,00:00,74.36,76.60,74.25,76.33,274
07/10/2014,00:00,76.33,76.54,74.96,75.32,216
08/10/2014,00:00,74.85,75.25,73.76,73.80,194
09/10/2014,00:00,75.05,75.70,73.52,73.65,297
10/10/2014,00:00,72.64,73.77,72.06,73.50,257
13/10/2014,00:00,72.80,75.24,72.65,74.26,373
14/10/2014,00:00,74.15,75.36,73.86,74.55,261
15/10/2014,00:00,74.31,74.86,72.81,73.08,288
16/10/2014,00:00,73.20,74.05,70.95,71.12,413
17/10/2014,00:00,71.80,73.30,71.38,73.15,250
20/10/2014,00:00,73.40,73.93,71.75,72.25,322
21/10/2014,00:00,72.00,73.16,71.30,72.50,323
22/10/2014,00:00,73.00,73.37,71.80,71.82,197
23/10/2014,00:00,71.47,72.10,70.85,71.59,239
24/10/2014,00:00,71.35,72.49,70.93,72.49,199
27/10/2014,00:00,73.20,73.78,72.25,72.90,277
28/10/2014,00:00,73.18,74.20,72.73,73.90,223
29/10/2014,00:00,74.10,74.80,73.68,74.05,220
30/10/2014,00:00,73.70,75.13,73.43,74.98,213
31/10/2014,00:00,75.45,76.84,75.23,76.23,245
03/11/2014,00:00,76.07,76.66,75.61,76.29,189
05/11/2014,00:00,75.80,75.94,75.02,75.65,170
06/11/2014,00:00,75.76,76.88,74.75,75.05,356
07/11/2014,00:00,75.16,77.65,74.41,75.69,596
10/11/2014,00:00,76.36,77.78,76.12,77.78,191
11/11/2014,00:00,77.85,78.70,77.01,77.34,288
12/11/2014,00:00,77.35,77.55,76.13,76.32,182
13/11/2014,00:00,76.31,76.50,73.73,74.03,327
14/11/2014,00:00,73.80,74.50,73.10,74.15,246
17/11/2014,00:00,73.61,74.45,73.47,73.97,161
18/11/2014,00:00,74.42,75.35,73.45,75.21,302
19/11/2014,00:00,75.29,75.54,73.87,73.90,196
20/11/2014,00:00,73.90,74.90,72.93,73.63,368
21/11/2014,00:00,73.99,74.71,72.95,74.39,313
24/11/2014,00:00,74.88,75.40,74.01,74.40,231
25/11/2014,00:00,74.48,74.66,73.76,74.11,144
26/11/2014,00:00,73.77,80.00,73.26,73.85,1341
27/11/2014,00:00,73.70,74.20,73.04,73.04,167
28/11/2014,00:00,72.89,72.90,71.42,72.25,233
01/12/2014,00:00,71.90,74.20,71.52,73.79,348
02/12/2014,00:00,74.06,74.47,71.31,71.64,391
03/12/2014,00:00,71.89,72.35,71.42,72.00,176
04/12/2014,00:00,72.25,74.03,71.00,71.04,486
05/12/2014,00:00,70.92,71.73,68.40,68.60,435
08/12/2014,00:00,69.17,69.67,65.23,65.30,502
09/12/2014,00:00,64.77,66.90,62.61,66.26,710
10/12/2014,00:00,66.62,68.70,65.78,67.77,470
11/12/2014,00:00,67.85,68.40,65.25,65.95,441
12/12/2014,00:00,65.40,66.20,63.07,64.20,507
15/12/2014,00:00,64.00,65.74,59.92,60.63,828
16/12/2014,00:00,59.50,61.95,47.21,53.50,2349
17/12/2014,00:00,54.03,60.88,52.38,59.90,1114
18/12/2014,00:00,61.50,65.80,60.25,62.91,970
19/12/2014,00:00,61.26,63.08,59.50,61.44,699
22/12/2014,00:00,63.27,64.20,57.82,58.60,810
23/12/2014,00:00,59.05,59.53,52.86,54.00,830
24/12/2014,00:00,53.58,55.45,51.51,55.00,647
25/12/2014,00:00,54.98,58.85,54.71,58.70,457
26/12/2014,00:00,59.00,60.00,56.05,57.13,604
29/12/2014,00:00,57.01,58.29,53.70,54.51,669
30/12/2014,00:00,53.04,55.65,51.60,54.90,625
05/01/2015,00:00,54.02,56.77,53.58,56.37,404
06/01/2015,00:00,56.00,58.45,55.83,58.28,297
08/01/2015,00:00,59.00,67.77,55.50,65.70,1785
09/01/2015,00:00,65.70,66.88,62.25,63.10,667
12/01/2015,00:00,62.20,63.84,61.66,62.90,367
13/01/2015,00:00,62.31,62.98,59.25,60.31,547
14/01/2015,00:00,59.60,61.20,59.60,60.05,276
15/01/2015,00:00,61.19,62.68,60.71,61.80,334
16/01/2015,00:00,61.80,62.43,60.41,61.99,386
19/01/2015,00:00,61.59,63.67,61.55,61.80,404
20/01/2015,00:00,61.82,62.25,60.27,60.80,295
21/01/2015,00:00,61.08,65.00,60.95,62.80,639
22/01/2015,00:00,63.06,64.88,61.99,64.35,450
23/01/2015,00:00,64.99,66.72,63.90,64.45,511
26/01/2015,00:00,63.79,63.88,60.17,60.49,413
27/01/2015,00:00,58.20,61.44,57.20,61.20,549
28/01/2015,00:00,61.81,62.58,60.31,60.63,337
29/01/2015,00:00,60.40,62.00,59.60,60.50,471
30/01/2015,00:00,61.25,61.50,59.67,61.50,342
02/02/2015,00:00,62.00,67.00,60.03,61.40,1335
03/02/2015,00:00,62.00,62.85,60.83,62.00,405
04/02/2015,00:00,62.50,62.69,60.87,61.04,219
05/02/2015,00:00,60.60,67.47,59.90,62.41,1334
06/02/2015,00:00,62.80,64.88,62.45,64.31,336
09/02/2015,00:00,64.31,67.40,60.49,65.57,1257
10/02/2015,00:00,65.48,66.43,64.47,65.00,345
11/02/2015,00:00,66.11,66.46,65.08,65.12,178
12/02/2015,00:00,66.08,69.47,64.55,67.21,872
13/02/2015,00:00,68.00,70.75,62.50,70.60,1391
16/02/2015,00:00,70.77,71.90,69.67,70.00,370
17/02/2015,00:00,70.25,73.96,69.72,72.45,629
18/02/2015,00:00,73.38,76.84,72.83,76.40,501
19/02/2015,00:00,76.00,76.56,72.80,73.78,531
20/02/2015,00:00,74.44,75.45,68.50,74.75,1360
24/02/2015,00:00,72.00,73.87,71.76,73.70,253
25/02/2015,00:00,73.80,74.60,72.90,74.20,301
26/02/2015,00:00,75.00,76.60,74.60,75.95,306
27/02/2015,00:00,75.80,76.75,75.26,75.91,288
02/03/2015,00:00,76.38,77.45,73.00,76.20,873
03/03/2015,00:00,76.03,76.98,74.84,75.55,381
04/03/2015,00:00,75.35,75.72,72.31,72.31,379
05/03/2015,00:00,72.90,74.16,71.86,72.70,441
06/03/2015,00:00,73.08,74.11,72.58,73.25,290
10/03/2015,00:00,72.50,72.71,69.09,69.80,455
11/03/2015,00:00,69.80,71.31,68.78,70.68,419
12/03/2015,00:00,71.12,71.59,70.02,70.79,282
13/03/2015,00:00,71.00,71.30,67.81,67.87,386
16/03/2015,00:00,67.50,67.80,65.23,65.57,322
17/03/2015,00:00,66.05,66.45,63.86,64.65,379
18/03/2015,00:00,64.90,66.05,64.73,65.26,229
19/03/2015,00:00,66.50,66.88,64.45,64.90,327
20/03/2015,00:00,64.95,67.22,64.40,67.00,360
23/03/2015,00:00,67.60,67.60,64.83,65.00,295
24/03/2015,00:00,65.00,66.36,63.74,65.60,465
25/03/2015,00:00,65.85,66.15,64.31,64.80,264
26/03/2015,00:00,65.43,65.80,62.62,62.85,379
27/03/2015,00:00,63.20,63.55,60.57,61.00,377
30/03/2015,00:00,60.81,63.17,60.67,63.01,281
31/03/2015,00:00,63.00,63.40,61.92,62.88,285
01/04/2015,00:00,62.34,64.69,62.18,64.50,287
02/04/2015,00:00,64.60,66.17,64.03,65.92,297
03/04/2015,00:00,65.92,66.40,65.16,65.50,207
06/04/2015,00:00,65.65,68.99,65.57,68.99,351
07/04/2015,00:00,68.85,70.27,68.15,69.60,350
08/04/2015,00:00,69.42,69.93,68.61,69.40,263
09/04/2015,00:00,69.03,72.00,68.96,72.00,312
10/04/2015,00:00,72.15,72.45,70.23,71.50,380
13/04/2015,00:00,71.89,74.55,71.43,74.10,404
14/04/2015,00:00,74.10,74.82,72.89,74.05,382
15/04/2015,00:00,74.15,76.49,73.91,76.49,283
16/04/2015,00:00,76.97,77.51,74.85,76.50,486
17/04/2015,00:00,76.64,76.96,72.50,72.50,479
20/04/2015,00:00,72.50,74.07,71.22,73.50,471
21/04/2015,00:00,73.66,75.67,73.26,75.24,325
22/04/2015,00:00,75.20,75.33,72.63,73.90,411
23/04/2015,00:00,74.00,76.57,72.11,75.80,713
24/04/2015,00:00,75.70,77.70,74.89,75.75,558
27/04/2015,00:00,76.12,76.86,74.58,75.20,365
28/04/2015,00:00,74.80,75.75,73.90,75.70,281
29/04/2015,00:00,75.60,76.27,74.68,75.20,279
30/04/2015,00:00,75.11,76.96,74.97,76.90,220
05/05/2015,00:00,77.20,80.60,76.80,80.21,460
06/05/2015,00:00,80.36,80.98,78.64,79.20,353
07/05/2015,00:00,78.85,78.89,75.97,76.50,350
08/05/2015,00:00,76.30,76.67,75.07,75.50,241
12/05/2015,00:00,75.50,76.70,74.33,75.19,444
13/05/2015,00:00,75.42,76.07,74.70,75.24,257
14/05/2015,00:00,75.04,75.35,73.60,74.31,278
15/05/2015,00:00,74.51,75.18,73.74,75.05,235
18/05/2015,00:00,75.49,76.05,75.09,75.36,180
19/05/2015,00:00,75.35,75.35,73.03,73.35,265
20/05/2015,00:00,73.24,73.58,71.41,71.60,271
21/05/2015,00:00,71.77,73.59,71.15,73.25,341
22/05/2015,00:00,73.31,74.67,73.06,74.35,219
25/05/2015,00:00,74.40,74.74,72.91,74.46,361
26/05/2015,00:00,74.65,75.16,73.90,74.67,251
27/05/2015,00:00,74.50,74.50,72.41,74.23,392
28/05/2015,00:00,74.00,74.97,73.32,73.60,291
29/05/2015,00:00,73.70,76.13,73.50,73.50,507
01/06/2015,00:00,73.70,76.00,72.65,72.65,566
02/06/2015,00:00,72.88,74.25,72.25,73.92,297
03/06/2015,00:00,74.19,74.35,71.60,71.72,304
04/06/2015,00:00,71.69,72.20,70.55,71.25,287
05/06/2015,00:00,71.20,71.75,70.20,70.61,252
08/06/2015,00:00,70.80,71.05,69.15,69.17,218
09/06/2015,00:00,69.26,70.35,68.41,70.21,294
10/06/2015,00:00,70.51,72.07,70.30,71.51,255
11/06/2015,00:00,71.14,72.55,70.23,72.55,324
15/06/2015,00:00,72.03,72.27,70.60,71.80,312
16/06/2015,00:00,71.56,73.80,70.96,73.50,375
17/06/2015,00:00,73.48,74.41,72.78,72.81,260
18/06/2015,00:00,73.20,74.37,71.63,72.98,527
19/06/2015,00:00,73.19,73.38,71.56,71.56,202
22/06/2015,00:00,72.05,72.46,71.50,72.00,188
23/06/2015,00:00,72.30,72.37,71.50,72.01,146
24/06/2015,00:00,72.10,72.50,71.35,71.98,219
25/06/2015,00:00,71.95,72.24,71.42,71.42,112
26/06/2015,00:00,71.39,71.47,70.40,70.60,136
29/06/2015,00:00,69.18,70.97,69.03,70.20,287
30/06/2015,00:00,70.20,72.50,70.05,72.35,276
01/07/2015,00:00,72.30,74.00,70.71,71.00,529
02/07/2015,00:00,71.00,71.30,70.17,70.54,181
03/07/2015,00:00,70.60,71.15,69.90,70.67,244
06/07/2015,00:00,69.93,70.71,68.08,68.45,379
07/07/2015,00:00,68.47,69.68,68.12,68.77,283
08/07/2015,00:00,68.51,72.80,66.50,67.73,1183
09/07/2015,00:00,68.17,69.38,67.70,69.35,219
10/07/2015,00:00,69.60,71.20,69.57,71.06,181
13/07/2015,00:00,70.75,72.94,70.75,72.94,220
14/07/2015,00:00,72.80,73.90,72.31,73.90,209
15/07/2015,00:00,73.78,74.00,72.96,74.00,187
16/07/2015,00:00,74.00,74.39,73.53,74.21,152
17/07/2015,00:00,74.19,75.73,73.57,75.52,300
20/07/2015,00:00,75.40,75.70,73.87,74.10,237
21/07/2015,00:00,73.97,75.86,73.41,75.55,333
22/07/2015,00:00,75.22,75.97,74.50,74.60,233
23/07/2015,00:00,74.61,74.69,72.51,72.70,246
24/07/2015,00:00,72.51,72.57,70.25,70.45,259
27/07/2015,00:00,70.40,70.45,67.35,68.48,429
28/07/2015,00:00,68.21,70.73,67.40,69.55,533
29/07/2015,00:00,69.89,71.49,69.40,71.20,288
30/07/2015,00:00,71.37,72.79,70.91,72.20,294
31/07/2015,00:00,71.96,72.55,70.21,72.30,435
03/08/2015,00:00,71.50,71.75,70.43,71.10,225
04/08/2015,00:00,70.80,72.43,70.51,72.30,235
05/08/2015,00:00,72.62,74.14,72.33,73.49,276
06/08/2015,00:00,73.21,73.90,72.11,72.25,263
07/08/2015,00:00,72.70,74.40,72.57,74.20,217
10/08/2015,00:00,74.20,75.17,73.50,75.16,239
11/08/2015,00:00,75.16,75.67,73.20,73.20,299
12/08/2015,00:00,72.99,74.20,72.52,73.40,296
13/08/2015,00:00,73.80,74.44,73.12,73.70,255
14/08/2015,00:00,73.65,74.86,73.27,74.43,241
17/08/2015,00:00,74.00,74.19,72.81,73.00,177
18/08/2015,00:00,72.71,73.42,72.04,72.45,251
19/08/2015,00:00,72.30,73.26,71.27,71.50,319
20/08/2015,00:00,71.10,72.57,70.88,72.05,244
21/08/2015,00:00,71.03,71.57,69.86,69.86,226
24/08/2015,00:00,68.02,69.23,66.75,68.53,446
25/08/2015,00:00,68.60,71.00,68.60,70.79,262
26/08/2015,00:00,70.60,71.28,69.51,71.00,315
27/08/2015,00:00,71.91,73.90,71.80,73.80,232
28/08/2015,00:00,74.46,75.06,72.90,74.82,397
31/08/2015,00:00,74.31,74.53,73.08,74.50,272
01/09/2015,00:00,74.40,74.92,72.72,73.14,315
02/09/2015,00:00,72.97,74.18,72.22,72.90,386
03/09/2015,00:00,73.50,74.50,73.22,74.15,192
04/09/2015,00:00,73.73,74.28,73.50,73.96,134
07/09/2015,00:00,73.67,73.90,73.36,73.81,95
08/09/2015,00:00,74.10,75.40,74.04,74.90,193
09/09/2015,00:00,75.60,75.75,74.46,74.65,164
10/09/2015,00:00,74.02,74.82,73.61,74.30,215
11/09/2015,00:00,74.28,74.42,73.69,74.10,129
14/09/2015,00:00,73.89,75.23,73.87,74.88,174
15/09/2015,00:00,74.90,74.97,74.28,74.85,134
16/09/2015,00:00,75.12,77.71,75.09,77.71,266
17/09/2015,00:00,77.56,77.98,76.25,76.49,240
18/09/2015,00:00,76.75,77.19,75.31,75.50,252
21/09/2015,00:00,75.60,76.98,75.47,75.94,269
22/09/2015,00:00,76.10,76.13,73.91,74.39,274
23/09/2015,00:00,74.40,74.97,73.45,73.74,239
24/09/2015,00:00,73.94,74.30,72.67,73.33,266
25/09/2015,00:00,73.78,74.97,73.67,74.97,142
28/09/2015,00:00,74.99,75.67,74.25,74.57,243
29/09/2015,00:00,74.17,75.60,73.58,75.50,272
30/09/2015,00:00,75.68,76.76,75.20,75.30,275
01/10/2015,00:00,76.00,76.49,74.12,74.51,326
02/10/2015,00:00,74.60,75.00,72.95,73.80,331
05/10/2015,00:00,74.55,76.30,74.29,76.20,238
06/10/2015,00:00,76.28,77.34,75.70,77.31,226
07/10/2015,00:00,78.31,79.70,76.00,79.65,607
08/10/2015,00:00,79.15,83.29,78.37,83.11,589
09/10/2015,00:00,83.88,86.20,83.26,85.77,400
12/10/2015,00:00,85.80,86.60,83.86,85.45,514
13/10/2015,00:00,84.86,85.65,84.26,85.00,265
14/10/2015,00:00,84.48,87.10,84.02,86.81,384
15/10/2015,00:00,86.99,89.12,86.93,87.70,368
16/10/2015,00:00,88.57,90.07,88.30,88.52,350
19/10/2015,00:00,88.50,88.86,85.92,87.07,446
20/10/2015,00:00,86.96,89.34,86.14,88.14,523
21/10/2015,00:00,87.99,88.35,86.00,86.95,367
22/10/2015,00:00,86.63,87.60,86.03,86.53,305
23/10/2015,00:00,87.22,90.45,86.97,90.45,374
26/10/2015,00:00,90.89,92.70,89.72,92.30,456
27/10/2015,00:00,91.90,91.92,88.73,89.00,349
28/10/2015,00:00,89.00,90.49,87.33,90.05,528
29/10/2015,00:00,89.73,91.00,88.31,88.60,426
30/10/2015,00:00,88.75,90.80,88.12,90.53,359
02/11/2015,00:00,90.25,93.80,89.66,93.65,489
03/11/2015,00:00,95.21,95.59,93.32,95.40,436
05/11/2015,00:00,96.00,96.60,94.60,95.50,351
06/11/2015,00:00,95.50,95.91,93.57,94.09,328
09/11/2015,00:00,94.50,94.79,92.70,92.95,264
10/11/2015,00:00,92.78,94.42,92.02,94.35,324
11/11/2015,00:00,94.20,94.86,92.65,94.00,423
12/11/2015,00:00,93.40,94.77,92.69,94.29,328
13/11/2015,00:00,93.40,94.39,92.96,93.40,287
16/11/2015,00:00,93.01,96.14,93.01,95.80,348
17/11/2015,00:00,96.52,102.67,96.52,102.50,633
18/11/2015,00:00,102.78,104.59,93.50,104.00,2097
19/11/2015,00:00,104.70,108.55,97.00,104.86,2295
20/11/2015,00:00,104.35,107.30,103.19,107.30,528
23/11/2015,00:00,106.88,110.32,105.22,109.98,711
24/11/2015,00:00,109.81,110.70,105.15,105.60,690
25/11/2015,00:00,106.30,108.94,105.44,108.51,480
26/11/2015,00:00,108.77,109.30,105.60,106.48,512
27/11/2015,00:00,105.74,106.06,103.70,104.55,354
30/11/2015,00:00,103.90,105.90,102.75,102.90,531
01/12/2015,00:00,103.50,103.90,100.60,101.30,441
02/12/2015,00:00,101.48,103.49,101.15,102.50,367
03/12/2015,00:00,101.90,105.02,101.50,104.00,495
04/12/2015,00:00,103.70,105.67,70.00,103.05,7070
07/12/2015,00:00,103.45,104.90,102.78,103.00,380
08/12/2015,00:00,102.80,103.08,70.00,97.00,6037
09/12/2015,00:00,97.47,101.05,97.24,100.66,444
10/12/2015,00:00,100.30,101.75,99.67,100.13,400
11/12/2015,00:00,99.89,100.59,97.76,98.15,393
14/12/2015,00:00,97.58,98.37,96.23,97.70,417
15/12/2015,00:00,98.50,100.79,98.24,100.00,361
16/12/2015,00:00,100.25,102.50,100.07,102.45,267
17/12/2015,00:00,102.95,105.18,102.55,103.75,447
18/12/2015,00:00,103.05,103.18,98.80,98.81,453
21/12/2015,00:00,98.90,100.80,97.65,98.73,614
22/12/2015,00:00,99.50,100.40,99.10,99.80,231
23/12/2015,00:00,100.15,102.96,100.13,102.96,286
24/12/2015,00:00,103.75,103.89,100.40,101.35,459
25/12/2015,00:00,101.83,102.32,100.78,101.34,260
28/12/2015,00:00,101.20,101.54,99.46,100.20,317
29/12/2015,00:00,100.49,102.50,99.74,101.82,420
30/12/2015,00:00,101.67,101.85,100.47,101.26,236
04/01/2016,00:00,101.00,101.78,97.94,98.01,470
05/01/2016,00:00,97.88,99.24,97.16,98.89,316
06/01/2016,00:00,98.70,99.56,96.83,96.85,362
11/01/2016,00:00,93.61,94.89,91.01,91.03,519
12/01/2016,00:00,89.09,92.88,88.52,91.71,611
13/01/2016,00:00,92.75,93.88,91.25,91.50,402
14/01/2016,00:00,91.00,93.15,90.37,93.04,353
15/01/2016,00:00,92.44,92.95,86.85,87.27,704
18/01/2016,00:00,86.01,88.28,85.10,86.15,623
19/01/2016,00:00,87.39,89.70,85.76,86.68,718
20/01/2016,00:00,84.89,85.19,82.20,83.83,493
21/01/2016,00:00,84.25,87.15,83.27,86.00,602
22/01/2016,00:00,88.97,92.28,87.62,91.50,680
25/01/2016,00:00,92.55,93.35,90.00,91.00,516
26/01/2016,00:00,89.06,91.76,88.74,91.50,361
27/01/2016,00:00,91.98,96.26,91.47,95.75,582
28/01/2016,00:00,95.77,97.28,94.33,96.69,499
29/01/2016,00:00,97.47,98.70,95.12,96.50,620
01/02/2016,00:00,96.27,97.49,95.29,96.50,418
02/02/2016,00:00,95.70,97.07,93.75,94.40,535
03/02/2016,00:00,93.91,96.89,93.71,94.53,575
04/02/2016,00:00,98.56,98.56,96.71,97.57,272
05/02/2016,00:00,97.01,97.98,96.35,97.20,308
08/02/2016,00:00,97.05,97.86,93.85,94.70,568
09/02/2016,00:00,94.00,95.63,92.70,93.89,576
10/02/2016,00:00,93.50,96.77,93.16,96.35,438
11/02/2016,00:00,95.71,96.10,93.05,94.20,460
12/02/2016,00:00,95.14,95.67,94.18,94.85,270
15/02/2016,00:00,96.00,96.37,94.93,95.25,214
16/02/2016,00:00,95.99,97.28,95.70,96.51,265
17/02/2016,00:00,96.51,99.38,96.05,99.20,398
18/02/2016,00:00,99.90,102.80,99.75,102.70,331
19/02/2016,00:00,101.99,103.57,101.00,101.50,466
22/02/2016,00:00,102.57,104.39,102.39,103.20,338
24/02/2016,00:00,102.00,102.70,100.79,102.10,373
25/02/2016,00:00,102.65,104.35,101.51,104.05,429
26/02/2016,00:00,105.00,107.15,104.83,106.24,341
29/02/2016,00:00,105.50,107.38,104.81,107.00,365
01/03/2016,00:00,107.50,108.79,106.42,108.26,399
02/03/2016,00:00,109.00,109.20,106.10,106.12,333
03/03/2016,00:00,106.70,107.63,105.40,106.99,418
04/03/2016,00:00,107.70,109.02,106.70,108.99,336
07/03/2016,00:00,109.62,110.20,108.57,109.47,312
09/03/2016,00:00,108.99,109.07,107.50,108.15,231
10/03/2016,00:00,108.26,109.90,107.67,108.84,389
11/03/2016,00:00,109.20,109.95,108.55,109.26,275
14/03/2016,00:00,109.28,109.56,108.40,109.26,231
15/03/2016,00:00,109.60,110.29,106.09,106.46,527
16/03/2016,00:00,107.20,107.27,106.12,107.00,211
17/03/2016,00:00,107.80,109.49,107.70,109.47,192
18/03/2016,00:00,109.59,112.50,108.91,112.40,438
21/03/2016,00:00,111.50,112.92,110.50,112.07,428
22/03/2016,00:00,112.27,114.19,111.00,111.49,561
23/03/2016,00:00,111.27,112.10,103.44,109.10,1516
24/03/2016,00:00,108.59,109.29,107.05,108.06,396
25/03/2016,00:00,108.62,109.50,108.62,109.10,129
28/03/2016,00:00,110.00,110.11,107.69,108.12,297
29/03/2016,00:00,107.91,108.44,105.35,107.05,533
30/03/2016,00:00,107.98,109.91,107.52,109.15,362
31/03/2016,00:00,108.72,110.59,107.32,109.90,537
01/04/2016,00:00,109.30,109.40,107.01,108.52,401
04/04/2016,00:00,108.21,109.69,107.10,108.20,518
05/04/2016,00:00,107.24,107.64,106.00,106.87,292
06/04/2016,00:00,107.63,108.30,107.05,108.00,214
07/04/2016,00:00,108.99,109.38,107.62,108.51,305
08/04/2016,00:00,108.98,113.30,108.56,112.92,555
11/04/2016,00:00,113.00,117.85,112.62,117.35,612
12/04/2016,00:00,117.27,119.39,115.82,117.95,647
13/04/2016,00:00,118.10,119.95,117.35,119.50,381
14/04/2016,00:00,119.01,119.55,117.89,119.30,304
15/04/2016,00:00,118.95,119.91,118.11,119.30,326
18/04/2016,00:00,117.12,118.20,116.01,118.20,331
19/04/2016,00:00,118.90,123.35,118.78,121.50,655
20/04/2016,00:00,120.50,123.97,119.90,123.75,490
21/04/2016,00:00,124.99,125.55,118.20,119.17,889
22/04/2016,00:00,119.68,121.39,117.90,121.25,542
25/04/2016,00:00,121.01,121.51,119.60,120.08,290
26/04/2016,00:00,119.98,119.98,116.75,119.70,619
27/04/2016,00:00,120.25,122.37,119.57,120.80,506
28/04/2016,00:00,121.31,124.39,120.00,124.39,571
29/04/2016,00:00,124.43,125.78,122.00,123.55,669
04/05/2016,00:00,121.50,122.39,119.31,120.96,563
05/05/2016,00:00,121.46,122.30,120.40,120.92,327
06/05/2016,00:00,120.27,120.86,118.41,120.64,454
10/05/2016,00:00,119.80,121.35,118.57,119.55,532
11/05/2016,00:00,120.01,123.62,119.57,123.45,467
12/05/2016,00:00,123.46,124.38,121.01,121.20,449
13/05/2016,00:00,121.50,121.95,119.69,121.07,410
16/05/2016,00:00,122.20,123.62,121.63,122.60,359
17/05/2016,00:00,122.85,123.27,120.60,122.71,521
18/05/2016,00:00,122.49,123.54,121.83,123.12,280
19/05/2016,00:00,121.96,122.17,120.30,120.50,229
20/05/2016,00:00,121.83,122.47,120.80,121.90,328
23/05/2016,00:00,121.30,122.20,120.12,121.51,396
24/05/2016,00:00,121.45,124.07,121.35,123.50,340
25/05/2016,00:00,124.45,128.55,124.41,127.87,487
26/05/2016,00:00,128.54,133.05,126.90,132.16,869
27/05/2016,00:00,131.62,134.79,131.35,133.20,531
30/05/2016,00:00,133.51,135.08,132.55,134.45,413
31/05/2016,00:00,134.79,135.98,132.56,132.56,462
01/06/2016,00:00,132.36,133.21,131.31,131.36,281
02/06/2016,00:00,131.51,133.08,130.51,132.30,436
03/06/2016,00:00,133.07,134.44,131.04,131.59,533
06/06/2016,00:00,132.08,134.74,132.00,133.99,358
07/06/2016,00:00,134.50,139.97,134.02,139.97,644
08/06/2016,00:00,141.12,142.00,137.44,139.39,740
09/06/2016,00:00,139.90,140.71,137.07,139.61,700
10/06/2016,00:00,137.80,137.94,133.35,133.50,489
14/06/2016,00:00,131.22,132.37,126.15,127.08,831
15/06/2016,00:00,126.90,130.23,126.61,129.89,426
16/06/2016,00:00,129.00,129.24,125.85,127.10,489
17/06/2016,00:00,128.66,130.75,128.49,128.70,449
20/06/2016,00:00,132.45,133.48,131.20,132.13,425
21/06/2016,00:00,132.10,133.43,129.94,133.39,570
22/06/2016,00:00,134.61,135.79,133.51,134.81,437
23/06/2016,00:00,134.42,138.28,133.89,138.00,521
24/06/2016,00:00,131.50,133.50,129.12,133.40,687
27/06/2016,00:00,133.90,134.83,125.35,126.20,1127
28/06/2016,00:00,127.85,129.71,125.70,129.57,631
29/06/2016,00:00,130.63,133.95,129.82,133.88,502
30/06/2016,00:00,133.65,135.34,131.14,133.00,776
01/07/2016,00:00,133.38,134.34,131.55,133.85,512
04/07/2016,00:00,134.65,135.84,133.80,134.60,404
05/07/2016,00:00,133.90,133.90,131.73,131.85,230
06/07/2016,00:00,131.51,132.04,127.85,129.36,624
07/07/2016,00:00,130.49,133.50,130.02,131.80,566
08/07/2016,00:00,130.63,134.49,130.35,134.41,451
11/07/2016,00:00,134.92,137.77,134.52,137.20,423
12/07/2016,00:00,137.55,140.47,136.90,140.40,430
13/07/2016,00:00,140.29,141.35,137.88,139.40,606
14/07/2016,00:00,140.00,140.65,137.57,140.00,617
15/07/2016,00:00,139.39,139.74,137.25,138.12,372
18/07/2016,00:00,138.43,139.93,137.90,139.93,257
19/07/2016,00:00,139.75,141.10,138.42,139.47,509
20/07/2016,00:00,139.55,140.00,137.41,138.57,421
21/07/2016,00:00,139.30,139.85,137.80,138.50,331
22/07/2016,00:00,137.86,138.87,137.57,137.80,255
25/07/2016,00:00,138.20,138.66,135.50,136.00,413
26/07/2016,00:00,136.20,136.70,133.33,135.75,630
27/07/2016,00:00,136.10,137.60,135.20,136.90,401
28/07/2016,00:00,137.00,137.34,134.82,136.85,490
29/07/2016,00:00,136.57,139.81,135.93,139.15,519
01/08/2016,00:00,140.00,141.21,137.59,138.52,577
02/08/2016,00:00,138.45,138.60,135.00,135.06,382
03/08/2016,00:00,134.73,136.20,134.27,135.73,287
04/08/2016,00:00,136.47,137.60,136.02,137.14,250
05/08/2016,00:00,137.48,138.89,137.31,138.69,196
08/08/2016,00:00,139.01,140.10,138.00,139.45,377
09/08/2016,00:00,139.21,140.25,137.85,139.20,480
10/08/2016,00:00,139.20,139.80,138.14,138.30,243
11/08/2016,00:00,138.16,139.74,137.68,139.70,259
12/08/2016,00:00,140.20,141.39,139.10,139.45,384
15/08/2016,00:00,140.25,140.49,138.86,139.50,252
16/08/2016,00:00,139.50,141.08,138.03,138.10,471
17/08/2016,00:00,138.20,138.80,137.17,138.44,303
18/08/2016,00:00,138.72,140.14,136.20,137.00,617
19/08/2016,00:00,137.70,137.70,135.52,135.80,247
22/08/2016,00:00,135.15,137.47,134.60,137.37,353
23/08/2016,00:00,137.00,140.48,136.90,140.35,382
24/08/2016,00:00,139.70,140.50,138.52,139.50,377
25/08/2016,00:00,139.99,142.90,139.67,142.84,362
26/08/2016,00:00,143.20,145.60,143.20,145.25,276
29/08/2016,00:00,144.47,144.47,142.51,143.55,301
30/08/2016,00:00,143.58,145.30,143.18,143.18,385
31/08/2016,00:00,143.20,144.05,142.55,143.50,271
01/09/2016,00:00,143.96,144.78,143.60,144.25,208
02/09/2016,00:00,144.45,147.09,143.82,146.88,412
05/09/2016,00:00,147.50,149.60,147.09,149.50,303
06/09/2016,00:00,149.80,150.81,149.06,150.64,267
07/09/2016,00:00,153.37,155.03,151.24,154.33,1205
08/09/2016,00:00,156.00,156.16,152.67,153.45,1165
09/09/2016,00:00,152.49,152.83,151.22,151.60,1118
12/09/2016,00:00,150.23,151.69,148.65,151.43,1554
13/09/2016,00:00,151.81,151.91,149.25,149.80,1206
14/09/2016,00:00,150.14,151.55,149.35,150.86,1283
15/09/2016,00:00,150.58,150.76,148.06,149.14,1056
16/09/2016,00:00,149.41,149.68,147.00,147.00,1274
19/09/2016,00:00,148.79,149.91,148.07,148.66,1197
20/09/2016,00:00,147.93,149.40,147.04,149.30,1176
21/09/2016,00:00,149.98,151.54,149.72,150.67,1106
22/09/2016,00:00,152.27,154.50,151.62,154.18,1052
23/09/2016,00:00,153.41,153.57,150.13,151.50,1482
26/09/2016,00:00,150.00,152.45,148.70,149.10,1559
27/09/2016,00:00,149.13,149.41,147.28,147.40,1315
28/09/2016,00:00,148.12,149.34,146.71,147.18,1238
29/09/2016,00:00,150.28,150.88,148.05,148.47,1092
30/09/2016,00:00,146.28,146.80,144.60,145.34,1213
03/10/2016,00:00,146.05,148.87,145.75,148.87,1321
04/10/2016,00:00,148.93,149.12,146.21,148.10,1288
05/10/2016,00:00,148.14,148.40,146.30,147.95,1346
06/10/2016,00:00,148.04,149.69,147.55,148.90,1218
07/10/2016,00:00,149.50,150.50,147.89,148.74,1375
10/10/2016,00:00,148.79,151.30,148.36,151.27,839
11/10/2016,00:00,150.90,152.44,150.51,151.30,1152
12/10/2016,00:00,151.20,151.59,148.81,149.20,1297
13/10/2016,00:00,148.64,148.65,145.76,146.09,988
14/10/2016,00:00,146.87,147.96,146.16,146.73,962
17/10/2016,00:00,146.52,147.13,145.54,146.46,1158
18/10/2016,00:00,147.47,148.44,147.02,147.74,885
19/10/2016,00:00,148.65,149.20,148.07,148.60,713
20/10/2016,00:00,148.62,149.00,147.29,148.26,940
21/10/2016,00:00,148.00,148.84,147.48,148.42,818
24/10/2016,00:00,149.74,150.45,148.94,149.15,1027
25/10/2016,00:00,149.66,152.23,149.22,151.57,1123
26/10/2016,00:00,151.13,151.70,149.75,150.67,965
27/10/2016,00:00,151.18,151.62,149.30,149.30,1182
28/10/2016,00:00,149.15,150.08,148.32,149.20,955
31/10/2016,00:00,148.72,148.88,147.40,147.40,763
01/11/2016,00:00,148.30,148.98,145.71,145.85,931
02/11/2016,00:00,144.66,145.64,142.30,142.36,1375
03/11/2016,00:00,143.18,143.66,141.60,142.75,1376
07/11/2016,00:00,143.22,144.88,142.55,143.40,934
08/11/2016,00:00,143.85,146.33,143.76,146.11,745
09/11/2016,00:00,143.02,151.35,142.70,151.04,2074
10/11/2016,00:00,152.06,155.57,152.00,153.36,1920
11/11/2016,00:00,152.99,153.68,151.44,151.51,1425
14/11/2016,00:00,152.48,152.85,149.17,150.40,1579
15/11/2016,00:00,151.38,152.37,148.75,149.85,1752
16/11/2016,00:00,151.07,151.88,149.18,149.94,1317
17/11/2016,00:00,149.93,150.95,148.95,149.75,1242
18/11/2016,00:00,149.99,150.84,149.64,150.05,937
21/11/2016,00:00,150.96,153.25,150.96,153.00,756
22/11/2016,00:00,153.80,155.68,153.64,155.00,1342
23/11/2016,00:00,155.43,155.44,154.55,155.23,612
24/11/2016,00:00,155.38,161.20,155.30,161.15,2196
25/11/2016,00:00,161.00,163.42,158.94,160.36,1830
28/11/2016,00:00,160.37,161.12,158.43,159.40,1406
29/11/2016,00:00,158.91,160.70,157.60,158.07,1345
30/11/2016,00:00,158.31,160.13,157.71,158.70,1516
01/12/2016,00:00,159.59,160.00,157.75,158.70,1325
02/12/2016,00:00,158.41,159.94,157.10,159.40,1079
05/12/2016,00:00,158.76,163.23,158.43,162.02,1554
06/12/2016,00:00,161.98,162.94,159.35,159.35,1414
07/12/2016,00:00,159.80,161.00,158.58,159.95,1355
08/12/2016,00:00,160.70,168.98,160.67,168.98,2010
09/12/2016,00:00,169.91,170.87,167.60,169.66,1768
12/12/2016,00:00,172.00,178.93,171.35,175.40,2700
13/12/2016,00:00,175.00,177.48,172.06,176.90,2695
14/12/2016,00:00,177.00,177.87,172.37,173.70,1873
15/12/2016,00:00,172.09,175.39,171.38,174.92,1806
16/12/2016,00:00,175.52,177.04,173.50,173.90,1622
19/12/2016,00:00,174.75,175.55,173.20,174.30,1255
20/12/2016,00:00,173.79,176.86,173.03,175.90,1393
21/12/2016,00:00,176.24,185.34,174.65,174.71,3248
22/12/2016,00:00,174.44,175.35,170.00,170.00,2243
23/12/2016,00:00,169.95,171.76,168.55,171.15,1755
26/12/2016,00:00,171.49,173.20,171.30,171.97,772
27/12/2016,00:00,172.00,172.70,170.50,172.27,1230
28/12/2016,00:00,173.00,173.30,170.10,170.10,1500
29/12/2016,00:00,169.91,172.22,167.55,171.30,1820
30/12/2016,00:00,171.61,173.25,170.56,173.25,1793
03/01/2017,00:00,173.37,181.68,173.00,180.12,2121
04/01/2017,00:00,178.91,179.41,174.23,175.95,1772
05/01/2017,00:00,176.58,177.28,171.54,171.90,1656
06/01/2017,00:00,172.41,173.75,169.50,170.69,2171
09/01/2017,00:00,171.74,172.39,168.05,168.35,1435
10/01/2017,00:00,168.70,172.30,167.54,171.60,1684
11/01/2017,00:00,171.09,173.05,168.54,169.05,1818
12/01/2017,00:00,170.33,170.65,168.02,168.27,1561
13/01/2017,00:00,168.80,172.39,163.88,164.90,2370
16/01/2017,00:00,165.22,166.80,164.06,164.66,2390
17/01/2017,00:00,165.10,166.47,163.34,165.98,1815
18/01/2017,00:00,165.81,167.80,164.31,165.24,1743
19/01/2017,00:00,165.50,166.99,164.69,166.30,1498
20/01/2017,00:00,166.29,168.19,165.42,167.49,1508
23/01/2017,00:00,167.02,167.09,164.53,166.75,1604
24/01/2017,00:00,167.38,170.70,167.24,170.25,1481
25/01/2017,00:00,170.26,171.30,169.50,170.26,1315
26/01/2017,00:00,170.72,174.39,169.06,173.79,1525
27/01/2017,00:00,173.57,178.92,173.00,178.92,1869
30/01/2017,00:00,177.07,178.00,174.24,174.60,1802
31/01/2017,00:00,174.51,175.27,172.07,172.20,1564
01/02/2017,00:00,172.60,174.27,171.75,173.90,1253
02/02/2017,00:00,174.04,174.69,171.95,172.83,1112
03/02/2017,00:00,173.29,174.19,172.27,173.80,1227
06/02/2017,00:00,174.31,174.98,172.22,172.75,9924
07/02/2017,00:00,173.07,174.18,171.51,173.05,9937
08/02/2017,00:00,172.71,173.10,170.77,171.91,9430
09/02/2017,00:00,172.22,172.67,167.84,168.65,10272
10/02/2017,00:00,169.74,170.45,165.40,165.50,11205
13/02/2017,00:00,166.35,167.05,163.50,164.83,12497
14/02/2017,00:00,165.02,165.08,162.01,162.57,10160
15/02/2017,00:00,162.25,165.57,160.00,164.04,12427
16/02/2017,00:00,164.03,166.50,162.21,165.85,12587
17/02/2017,00:00,166.44,167.12,164.42,165.69,10556
20/02/2017,00:00,166.37,166.69,163.93,165.15,10599
21/02/2017,00:00,165.36,168.38,164.80,167.05,10076
22/02/2017,00:00,167.00,168.30,164.35,165.50,12143
24/02/2017,00:00,166.60,168.02,165.03,165.55,10237
27/02/2017,00:00,166.11,166.34,160.81,161.19,11215
28/02/2017,00:00,160.91,161.09,155.70,156.15,14856
01/03/2017,00:00,156.45,160.92,156.10,160.47,11913
02/03/2017,00:00,161.21,164.30,160.33,163.50,13965
03/03/2017,00:00,162.94,164.89,161.61,164.12,12335
06/03/2017,00:00,164.51,165.99,162.53,162.64,12082
07/03/2017,00:00,162.33,162.38,158.90,161.19,12270
09/03/2017,00:00,159.30,160.84,155.23,156.87,15001
10/03/2017,00:00,157.47,159.40,155.55,157.68,14341
13/03/2017,00:00,157.47,159.87,155.86,158.98,11856
14/03/2017,00:00,159.30,160.75,157.02,158.05,11839
15/03/2017,00:00,158.06,159.67,156.01,156.34,12604
16/03/2017,00:00,157.82,159.85,157.82,158.65,10040
17/03/2017,00:00,158.43,162.79,158.17,159.95,12064
20/03/2017,00:00,161.63,164.01,160.61,163.52,15904
21/03/2017,00:00,164.32,165.47,162.25,162.39,16943
22/03/2017,00:00,161.81,162.91,159.76,162.56,16710
23/03/2017,00:00,163.57,164.67,161.99,163.85,16330
24/03/2017,00:00,163.81,165.74,162.99,164.63,13923
27/03/2017,00:00,163.00,163.18,160.99,162.87,13734
28/03/2017,00:00,163.13,163.96,161.94,163.41,12557
29/03/2017,00:00,164.27,164.77,162.26,163.05,8747
30/03/2017,00:00,163.32,163.98,161.79,163.27,11112
31/03/2017,00:00,163.37,163.53,159.40,159.54,11896
03/04/2017,00:00,159.94,162.86,159.77,161.14,12464
04/04/2017,00:00,161.27,163.84,160.63,163.55,11413
05/04/2017,00:00,163.99,168.37,163.76,167.58,17830
06/04/2017,00:00,167.29,168.07,166.36,167.48,11088
07/04/2017,00:00,166.15,166.61,160.64,161.28,19886
10/04/2017,00:00,159.17,159.74,154.44,155.22,18356
11/04/2017,00:00,154.62,158.49,154.56,155.59,17168
12/04/2017,00:00,156.71,157.25,150.43,150.49,18166
13/04/2017,00:00,151.70,153.23,149.64,151.86,25494
14/04/2017,00:00,151.13,152.08,148.53,149.29,11396
17/04/2017,00:00,149.13,153.99,147.55,153.83,20606
18/04/2017,00:00,154.19,155.51,152.17,153.63,24342
19/04/2017,00:00,153.04,155.27,152.29,154.14,21198
20/04/2017,00:00,152.99,158.28,152.23,158.28,22470
21/04/2017,00:00,158.43,160.22,157.73,158.78,21562
24/04/2017,00:00,161.05,163.35,160.98,162.54,15747
25/04/2017,00:00,162.60,163.45,161.25,162.81,14916
26/04/2017,00:00,163.19,165.56,161.63,165.39,16436
27/04/2017,00:00,164.71,165.65,163.28,164.36,18453
28/04/2017,00:00,165.35,165.87,163.84,165.36,15229
02/05/2017,00:00,166.02,168.20,164.93,166.82,14128
03/05/2017,00:00,166.31,166.35,163.54,164.94,14089
04/05/2017,00:00,164.67,167.27,163.69,165.60,14996
05/05/2017,00:00,164.20,166.49,163.92,165.29,15444
10/05/2017,00:00,166.92,170.56,166.32,170.44,14566
11/05/2017,00:00,170.82,172.26,168.97,169.41,17779
12/05/2017,00:00,169.63,170.12,166.76,167.47,13372
15/05/2017,00:00,168.66,171.52,167.79,171.25,14258
16/05/2017,00:00,170.73,171.90,169.90,170.90,12791
17/05/2017,00:00,169.69,170.53,168.12,168.99,13718
18/05/2017,00:00,168.26,169.04,164.61,166.71,16378
19/05/2017,00:00,167.36,169.96,165.62,169.02,12696
22/05/2017,00:00,169.62,170.13,167.05,168.20,14424
23/05/2017,00:00,167.46,168.20,165.30,166.23,14780
24/05/2017,00:00,166.39,168.28,162.43,165.15,15916
25/05/2017,00:00,166.39,166.77,163.44,163.82,16240
26/05/2017,00:00,163.29,163.59,160.54,160.74,18507
29/05/2017,00:00,161.01,164.11,160.60,163.71,10373
30/05/2017,00:00,163.09,163.34,161.11,161.29,10419
31/05/2017,00:00,161.43,161.48,155.03,155.32,17358
01/06/2017,00:00,156.11,156.61,152.64,152.80,14825
02/06/2017,00:00,152.91,156.77,151.63,156.71,17405
05/06/2017,00:00,157.02,158.77,154.33,154.74,15008
06/06/2017,00:00,154.42,155.83,152.03,152.80,12743
07/06/2017,00:00,153.26,155.01,151.71,152.67,14011
08/06/2017,00:00,152.88,153.25,148.16,151.54,18046
09/06/2017,00:00,151.31,153.65,150.22,150.46,13943
13/06/2017,00:00,145.31,147.17,144.91,145.84,15230
14/06/2017,00:00,145.41,145.52,142.72,143.01,14819
15/06/2017,00:00,141.80,142.10,136.16,139.61,27751
16/06/2017,00:00,139.46,142.69,138.94,140.81,20264
19/06/2017,00:00,142.19,145.05,141.71,144.88,15032
20/06/2017,00:00,145.29,147.00,143.41,144.43,17261
21/06/2017,00:00,144.18,144.87,142.68,142.81,15456
22/06/2017,00:00,142.05,145.59,141.73,144.17,15054
23/06/2017,00:00,144.21,145.87,143.53,144.32,12583
26/06/2017,00:00,144.75,146.36,143.71,144.28,14352
27/06/2017,00:00,144.50,147.09,143.30,146.95,15298
28/06/2017,00:00,145.68,146.34,144.61,145.48,13303
29/06/2017,00:00,146.20,146.68,143.10,143.34,14181
30/06/2017,00:00,142.97,146.60,142.82,145.89,14908
03/07/2017,00:00,146.66,148.20,146.15,147.09,14111
04/07/2017,00:00,147.31,149.72,147.06,149.50,12393
05/07/2017,00:00,149.05,149.68,147.82,148.65,16340
06/07/2017,00:00,149.18,150.95,148.83,150.05,14463
07/07/2017,00:00,149.43,152.24,149.00,152.24,13340
10/07/2017,00:00,153.13,155.25,152.88,154.87,13476
11/07/2017,00:00,155.67,156.92,154.88,156.75,12113
12/07/2017,00:00,157.44,160.89,157.44,160.48,14618
13/07/2017,00:00,161.52,162.51,158.33,159.06,17485
14/07/2017,00:00,159.65,162.15,159.35,160.95,13546
17/07/2017,00:00,161.62,163.01,159.77,161.66,13443
18/07/2017,00:00,161.61,162.91,160.82,161.57,13144
19/07/2017,00:00,161.29,163.81,160.48,163.64,12016
20/07/2017,00:00,164.13,164.83,163.40,163.78,11466
21/07/2017,00:00,163.79,163.79,161.65,162.01,11632
24/07/2017,00:00,161.67,162.25,158.74,161.02,15195
25/07/2017,00:00,161.41,162.22,159.94,160.03,13007
26/07/2017,00:00,161.17,162.22,160.07,161.37,11906
27/07/2017,00:00,162.57,165.78,162.40,165.67,13942
28/07/2017,00:00,164.99,165.66,163.10,165.29,15704
31/07/2017,00:00,165.49,167.28,163.82,165.22,17146
01/08/2017,00:00,165.24,167.93,165.24,166.65,13603
02/08/2017,00:00,166.55,169.87,166.48,169.74,17082
03/08/2017,00:00,169.90,170.86,169.11,169.92,14386
04/08/2017,00:00,168.84,169.93,168.67,169.92,8618
07/08/2017,00:00,170.45,172.85,170.39,172.68,12071
08/08/2017,00:00,173.09,175.80,172.60,175.56,11856
09/08/2017,00:00,174.68,175.13,172.74,173.44,11782
10/08/2017,00:00,173.81,173.95,171.97,172.49,11169
11/08/2017,00:00,171.00,172.36,168.59,172.29,16808
14/08/2017,00:00,172.56,173.69,171.33,172.53,12021
15/08/2017,00:00,172.14,172.63,170.41,172.38,12556
16/08/2017,00:00,172.88,175.23,172.79,173.01,12807
17/08/2017,00:00,172.25,173.92,172.22,173.16,10254
18/08/2017,00:00,171.44,171.48,168.09,169.31,15763
21/08/2017,00:00,169.92,170.62,168.44,170.13,12245
22/08/2017,00:00,170.92,171.63,169.64,170.98,10025
23/08/2017,00:00,170.92,174.93,170.92,174.93,12073
24/08/2017,00:00,175.43,179.86,175.36,179.67,14123
25/08/2017,00:00,180.94,182.17,179.54,181.07,14614
28/08/2017,00:00,180.54,181.76,179.14,181.65,10758
29/08/2017,00:00,181.59,181.73,179.45,181.49,14110
30/08/2017,00:00,182.85,184.36,180.79,183.43,14467
31/08/2017,00:00,182.76,186.25,181.69,183.95,16788
01/09/2017,00:00,183.74,185.26,181.98,183.49,12332
04/09/2017,00:00,181.27,185.12,180.88,184.51,10794
05/09/2017,00:00,184.31,185.47,183.29,184.01,14012
06/09/2017,00:00,183.05,183.59,181.40,183.23,10640
07/09/2017,00:00,183.46,185.18,183.26,183.71,12627
08/09/2017,00:00,183.88,187.27,183.63,185.61,13498
11/09/2017,00:00,186.38,191.15,186.38,189.96,19487
12/09/2017,00:00,190.84,192.03,188.02,189.12,15164
13/09/2017,00:00,189.05,190.78,188.25,189.18,13812
14/09/2017,00:00,188.80,189.15,185.84,188.84,12462
15/09/2017,00:00,188.16,189.12,186.55,188.10,12987
18/09/2017,00:00,189.67,190.04,187.17,187.64,11672
19/09/2017,00:00,187.43,187.43,184.42,184.44,10960
20/09/2017,00:00,184.39,186.15,182.51,185.97,9886
21/09/2017,00:00,186.04,188.21,183.66,187.66,14123
22/09/2017,00:00,187.21,188.63,186.66,187.39,12430
25/09/2017,00:00,187.16,191.21,186.28,191.10,18622
26/09/2017,00:00,191.46,194.83,191.41,192.88,20303
27/09/2017,00:00,192.66,194.10,191.05,193.00,15547
28/09/2017,00:00,193.33,194.08,191.55,191.65,13142
29/09/2017,00:00,191.55,192.78,190.69,192.58,9378
02/10/2017,00:00,192.28,193.85,190.97,192.61,10432
03/10/2017,00:00,193.06,193.69,192.13,192.13,10242
04/10/2017,00:00,192.20,192.39,191.10,191.72,9933
05/10/2017,00:00,192.18,193.79,188.95,193.33,13779
06/10/2017,00:00,194.48,196.26,193.54,193.85,14454
09/10/2017,00:00,194.04,194.72,192.46,193.85,10860
10/10/2017,00:00,193.88,194.29,192.83,193.45,8179
11/10/2017,00:00,193.67,196.61,193.49,195.47,12409
12/10/2017,00:00,195.57,196.61,195.01,195.45,9487
13/10/2017,00:00,195.52,197.17,195.09,196.22,10241
16/10/2017,00:00,197.50,198.22,196.59,197.72,8497
17/10/2017,00:00,197.53,197.88,195.97,196.69,8943
18/10/2017,00:00,197.41,197.75,193.90,195.85,15144
19/10/2017,00:00,195.10,195.48,191.70,192.40,13522
20/10/2017,00:00,193.24,194.01,192.12,192.81,11308
23/10/2017,00:00,193.21,193.45,190.74,192.16,12027
24/10/2017,00:00,191.59,192.69,190.03,192.19,12595
25/10/2017,00:00,193.09,194.21,192.19,192.63,12046
26/10/2017,00:00,192.40,193.38,190.61,192.89,11863
27/10/2017,00:00,193.59,196.07,192.76,195.91,13788
30/10/2017,00:00,195.99,197.58,195.04,195.09,12412
31/10/2017,00:00,194.99,196.20,193.88,194.19,9297
01/11/2017,00:00,194.38,196.82,193.32,193.97,11926
02/11/2017,00:00,193.20,194.98,192.19,193.37,13823
03/11/2017,00:00,194.66,195.60,193.05,193.86,12076
07/11/2017,00:00,195.75,206.18,195.75,204.70,28226
08/11/2017,00:00,204.90,211.19,203.87,209.05,25713
09/11/2017,00:00,209.39,220.15,208.73,220.15,24227
10/11/2017,00:00,220.24,228.77,216.22,217.33,38308
13/11/2017,00:00,217.46,222.65,215.43,216.49,20660
14/11/2017,00:00,216.24,221.79,215.60,220.81,18675
15/11/2017,00:00,222.30,226.92,220.78,225.42,19755
16/11/2017,00:00,227.19,228.16,218.28,225.91,23455
17/11/2017,00:00,227.51,227.57,223.42,225.33,15045
20/11/2017,00:00,225.16,225.48,223.22,224.53,11483
21/11/2017,00:00,225.10,232.67,223.74,230.13,21290
22/11/2017,00:00,231.88,233.38,228.05,229.40,16382
23/11/2017,00:00,230.02,230.64,224.85,225.53,16776
24/11/2017,00:00,224.87,227.71,221.91,227.56,16879
27/11/2017,00:00,228.36,228.58,224.75,226.06,13680
28/11/2017,00:00,223.93,229.58,222.83,229.38,18083
29/11/2017,00:00,229.87,231.19,226.49,227.41,17053
30/11/2017,00:00,227.68,228.70,223.14,223.16,14280
01/12/2017,00:00,224.39,225.47,220.59,221.32,18949
04/12/2017,00:00,221.94,225.23,219.31,224.06,17690
05/12/2017,00:00,223.43,224.18,221.75,223.65,13428
06/12/2017,00:00,222.50,224.65,221.33,223.23,11374
07/12/2017,00:00,223.31,224.55,219.04,220.01,16291
08/12/2017,00:00,219.81,222.78,219.45,220.40,15922
11/12/2017,00:00,221.24,227.08,220.93,227.00,12288
12/12/2017,00:00,229.01,230.24,225.91,227.07,13777
13/12/2017,00:00,226.84,228.12,220.31,221.45,18842
14/12/2017,00:00,222.28,229.00,220.87,228.61,19585
15/12/2017,00:00,228.56,229.42,225.34,226.47,14724
18/12/2017,00:00,227.13,228.65,225.48,227.09,11254
19/12/2017,00:00,227.28,227.94,223.26,224.87,11433
20/12/2017,00:00,224.23,226.24,222.49,226.11,14659
21/12/2017,00:00,226.28,227.14,222.19,223.27,15704
22/12/2017,00:00,223.82,224.44,220.96,221.60,10943
26/12/2017,00:00,223.21,223.80,221.02,223.52,8238
27/12/2017,00:00,224.16,226.98,222.94,226.80,11184
28/12/2017,00:00,226.96,226.96,222.95,222.96,9965
29/12/2017,00:00,223.78,226.05,223.10,224.97,7022
03/01/2018,00:00,226.53,232.25,226.46,231.19,14151
04/01/2018,00:00,232.12,239.28,230.84,237.97,20559
05/01/2018,00:00,238.33,239.73,236.49,237.69,14439
09/01/2018,00:00,239.22,243.33,238.69,239.61,14792
10/01/2018,00:00,239.98,240.98,236.83,237.76,15206
11/01/2018,00:00,237.50,240.63,234.99,238.96,16209
12/01/2018,00:00,238.48,238.69,235.84,237.15,14128
15/01/2018,00:00,238.94,240.70,238.13,238.32,10348
16/01/2018,00:00,238.68,239.78,235.81,238.77,13129
17/01/2018,00:00,237.93,239.48,236.38,239.09,11797
18/01/2018,00:00,239.97,246.48,239.72,244.82,19541
19/01/2018,00:00,245.00,245.28,240.49,242.83,15553
22/01/2018,00:00,242.53,244.54,241.21,243.30,9982
23/01/2018,00:00,244.59,246.03,241.46,243.84,20585
24/01/2018,00:00,243.90,247.08,242.10,246.68,19496
25/01/2018,00:00,247.74,251.25,247.13,250.22,20736
26/01/2018,00:00,249.16,250.96,245.73,246.41,11870
29/01/2018,00:00,247.33,250.51,245.79,249.83,15741
30/01/2018,00:00,248.86,258.56,247.71,257.51,24145
31/01/2018,00:00,256.62,264.22,255.76,264.01,40284
01/02/2018,00:00,264.74,270.01,260.28,262.10,29318
02/02/2018,00:00,262.44,264.27,255.87,256.67,22014
05/02/2018,00:00,253.35,257.92,252.76,256.68,17174
06/02/2018,00:00,249.25,262.09,248.22,259.69,27930
07/02/2018,00:00,262.28,263.87,255.86,257.17,31976
08/02/2018,00:00,254.86,259.29,252.94,253.42,23518
09/02/2018,00:00,250.73,252.45,243.76,251.24,33378
12/02/2018,00:00,252.89,255.96,251.27,254.75,20750
13/02/2018,00:00,255.68,258.29,254.40,257.56,18855
14/02/2018,00:00,259.09,262.92,256.70,262.43,21373
15/02/2018,00:00,265.52,268.41,263.74,263.74,23826
16/02/2018,00:00,265.48,267.63,262.81,266.20,18985
19/02/2018,00:00,266.71,269.57,264.99,266.59,13602
20/02/2018,00:00,266.56,267.45,264.40,266.33,17890
21/02/2018,00:00,265.92,277.86,265.69,277.37,26465
22/02/2018,00:00,277.47,279.08,275.27,276.86,19764
26/02/2018,00:00,279.17,284.44,278.34,279.40,21252
27/02/2018,00:00,280.38,280.64,276.45,277.42,16693
28/02/2018,00:00,274.87,277.04,271.85,273.22,19355
01/03/2018,00:00,270.92,276.69,270.81,275.31,16558
02/03/2018,00:00,274.33,275.10,268.27,272.54,21805
05/03/2018,00:00,273.47,278.49,273.20,276.32,16124
06/03/2018,00:00,278.42,280.85,274.01,274.63,14269
07/03/2018,00:00,272.19,276.31,269.86,273.28,19631
09/03/2018,00:00,273.49,275.13,270.38,273.86,13333
12/03/2018,00:00,275.93,276.98,273.31,274.65,11823
13/03/2018,00:00,273.98,275.65,272.42,273.62,14058
14/03/2018,00:00,272.50,273.09,262.28,262.92,32241
15/03/2018,00:00,262.26,264.30,253.07,254.94,31250
16/03/2018,00:00,255.07,257.67,249.55,256.30,37375
19/03/2018,00:00,257.93,259.42,251.11,254.33,21993
20/03/2018,00:00,255.81,256.84,250.03,256.28,24281
21/03/2018,00:00,257.66,269.45,256.85,269.31,29250
22/03/2018,00:00,269.72,271.12,263.75,264.21,26410
23/03/2018,00:00,260.41,263.86,259.44,261.61,23178
26/03/2018,00:00,261.69,264.49,254.66,254.84,25608
27/03/2018,00:00,256.20,258.04,251.92,257.03,22793
28/03/2018,00:00,254.76,255.66,250.39,252.18,25415
29/03/2018,00:00,252.16,255.25,252.16,252.87,15992
30/03/2018,00:00,253.99,254.17,252.52,253.90,8152